code,rs_percentile_12m,rs_percentile_3m,rs_below_ma,rs_days_below_ma,rs_frac_below_ma
HK.00001,87.0,86,1,1,0.4
HK.00002,78.0,77,1,8,0.6
HK.00003,66.0,75,1,2,0.6
HK.00004,36.0,31,1,51,1.0
HK.00005,90.0,89,0,0,0.05
HK.00006,74.0,64,1,11,0.85
HK.00007,65.0,62,1,18,0.9
HK.00008,76.0,75,1,6,0.7
HK.00010,50.0,49,1,11,0.95
HK.00012,63.0,72,1,2,0.45
HK.00013,29.0,46,1,12,0.65
HK.00014,73.0,70,1,1,0.7
HK.00016,79.0,58,1,8,0.7
HK.00017,46.0,40,1,53,1.0
HK.00018,21.0,15,1,21,1.0
HK.00019,88.0,91,0,0,0.2
HK.00020,24.0,41,0,0,0.9
HK.00021,23.0,22,1,20,1.0
HK.00022,3.0,12,1,73,1.0
HK.00023,88.0,95,0,0,0.35
HK.00025,85.0,84,1,8,0.5
HK.00026,73.0,75,1,16,0.85
HK.00027,56.0,83,1,1,0.45
HK.00028,37.0,42,1,15,0.9
HK.00029,31.0,26,1,21,1.0
HK.00030,59.0,68,1,8,0.55
HK.00031,49.0,14,1,22,1.0
HK.00032,57.0,51,1,4,0.95
HK.00033,50.0,62,1,18,0.9
HK.00034,85.0,59,1,11,0.65
HK.00035,52.0,54,1,17,0.95
HK.00036,59.0,62,1,18,0.9
HK.00037,63.0,47,1,16,0.8
HK.00038,77.0,90,0,0,0.3
HK.00039,20.0,62,1,18,0.9
HK.00040,64.0,52,1,20,1.0
HK.00041,70.0,53,1,22,1.0
HK.00042,25.0,9,1,22,1.0
HK.00045,59.0,75,1,1,0.6
HK.00046,46.0,71,1,5,0.7
HK.00048,93.0,83,1,5,0.5
HK.00050,69.0,64,1,19,0.95
HK.00051,69.0,72,1,18,0.9
HK.00052,74.0,90,0,0,0.65
HK.00053,67.0,75,1,11,0.9
HK.00055,28.0,36,1,24,1.0
HK.00057,60.0,57,1,22,1.0
HK.00058,86.0,51,1,19,0.95
HK.00059,65.0,62,1,18,0.9
HK.00060,51.0,35,1,19,0.95
HK.00061,9.0,16,1,5,0.55
HK.00062,62.0,50,1,16,0.85
HK.00063,9.0,5,1,5,0.95
HK.00064,86.0,90,0,0,0.35
HK.00065,58.0,97,0,0,0.8
HK.00066,76.0,72,1,4,0.7
HK.00068,,2,1,46,1.0
HK.00069,58.0,78,0,0,0.95
HK.00070,45.0,36,1,7,0.85
HK.00071,67.0,52,1,17,0.9
HK.00072,62.0,57,0,0,0.75
HK.00073,75.0,78,1,6,0.75
HK.00075,64.0,45,1,1,0.75
HK.00076,23.0,67,1,5,0.8
HK.00077,82.0,87,1,4,0.5
HK.00078,22.0,30,1,44,1.0
HK.00079,89.0,97,0,0,0.3
HK.00081,70.0,45,1,2,0.65
HK.00082,38.0,19,1,16,0.9
HK.00083,67.0,42,1,49,1.0
HK.00084,57.0,76,1,19,0.95
HK.00085,23.0,19,1,23,1.0
HK.00086,75.0,69,1,19,0.95
HK.00087,83.0,89,0,0,0.35
HK.00088,56.0,41,1,26,1.0
HK.00089,49.0,49,1,7,0.45
HK.00090,33.0,59,1,9,0.65
HK.00092,43.0,26,1,18,0.9
HK.00093,15.0,10,1,14,0.7
HK.00094,44.0,21,1,3,0.9
HK.00095,19.0,69,1,3,0.2
HK.00096,45.0,55,1,13,0.65
HK.00097,37.0,47,1,9,0.85
HK.00098,47.0,43,1,22,1.0
HK.00099,56.0,80,1,5,0.5
HK.00100,,1,1,29,1.0
HK.00101,51.0,55,1,11,0.95
HK.00103,10.0,16,1,23,1.0
HK.00104,77.0,73,1,14,0.85
HK.00105,70.0,68,1,14,0.7
HK.00106,60.0,62,1,18,0.9
HK.00107,55.0,41,1,41,1.0
HK.00108,40.0,8,1,22,1.0
HK.00110,97.0,97,0,0,0.0
HK.00111,64.0,17,1,6,0.8
HK.00113,81.0,81,1,6,0.45
HK.00114,83.0,85,1,10,0.75
HK.00115,83.0,7,1,34,1.0
HK.00116,72.0,83,0,0,0.35
HK.00117,99.0,97,1,21,1.0
HK.00118,59.0,44,1,29,1.0
HK.00119,36.0,25,1,43,1.0
HK.00120,9.0,44,1,8,0.85
HK.00122,49.0,75,1,9,0.65
HK.00123,39.0,36,1,33,1.0
HK.00124,44.0,44,1,35,1.0
HK.00125,45.0,57,1,18,0.9
HK.00126,36.0,42,1,19,0.95
HK.00127,42.0,41,1,19,0.95
HK.00128,94.0,98,0,0,0.9
HK.00129,31.0,52,1,4,0.65
HK.00130,76.0,28,1,8,0.8
HK.00131,71.0,72,1,16,0.9
HK.00132,33.0,31,1,19,0.95
HK.00135,59.0,78,1,1,0.5
HK.00136,22.0,46,1,12,0.8
HK.00137,69.0,91,0,0,0.5
HK.00138,4.0,12,1,14,0.85
HK.00139,16.0,23,1,5,0.7
HK.00142,57.0,82,1,1,0.3
HK.00144,71.0,85,0,0,0.4
HK.00145,82.0,94,0,0,0.75
HK.00146,46.0,38,1,18,0.9
HK.00147,4.0,9,1,35,1.0
HK.00148,87.0,2,1,22,1.0
HK.00149,75.0,57,1,4,0.8
HK.00150,53.0,43,1,15,0.8
HK.00151,21.0,36,1,24,1.0
HK.00152,35.0,71,1,3,0.55
HK.00154,23.0,35,1,6,0.95
HK.00156,78.0,47,1,19,0.95
HK.00157,52.0,67,1,17,0.9
HK.00158,56.0,59,1,18,0.9
HK.00159,38.0,47,1,11,0.6
HK.00160,25.0,23,1,34,1.0
HK.00162,25.0,11,1,34,1.0
HK.00163,22.0,21,1,27,1.0
HK.00164,74.0,45,1,24,1.0
HK.00165,29.0,78,1,3,0.65
HK.00166,26.0,66,1,3,0.55
HK.00167,95.0,12,1,17,0.85
HK.00168,51.0,52,1,2,0.85
HK.00169,38.0,25,1,27,1.0
HK.00171,7.0,74,0,0,0.65
HK.00173,52.0,55,1,25,1.0
HK.00174,71.0,87,1,13,0.75
HK.00175,67.0,74,1,1,0.55
HK.00176,65.0,62,1,18,0.9
HK.00177,71.0,66,1,24,1.0
HK.00178,87.0,64,1,4,0.7
HK.00179,32.0,18,1,20,1.0
HK.00180,42.0,41,1,2,0.75
HK.00181,47.0,33,1,27,1.0
HK.00182,73.0,55,0,0,0.95
HK.00183,27.0,37,1,14,0.75
HK.00184,66.0,72,1,7,0.85
HK.00185,6.0,7,1,23,1.0
HK.00186,56.0,76,0,0,0.9
HK.00187,16.0,27,1,28,1.0
HK.00188,64.0,71,1,4,0.85
HK.00189,74.0,8,1,22,1.0
HK.00191,31.0,10,1,27,1.0
HK.00193,50.0,44,1,14,0.95
HK.00194,70.0,70,1,19,0.95
HK.00195,65.0,62,1,18,0.9
HK.00196,15.0,15,1,19,0.95
HK.00197,62.0,87,1,1,0.55
HK.00199,98.0,94,0,0,0.9
HK.00200,33.0,56,0,0,0.7
HK.00201,55.0,51,1,18,0.9
HK.00202,9.0,14,1,25,1.0
HK.00205,90.0,36,1,6,0.95
HK.00206,23.0,3,1,21,1.0
HK.00209,97.0,92,0,0,0.45
HK.00210,35.0,39,1,23,1.0
HK.00211,59.0,69,1,14,0.7
HK.00212,71.0,70,1,17,0.9
HK.00213,49.0,30,1,20,1.0
HK.00214,18.0,19,1,1,0.9
HK.00215,76.0,78,1,11,0.7
HK.00216,30.0,18,1,22,1.0
HK.00217,34.0,24,1,20,1.0
HK.00218,27.0,86,0,0,0.55
HK.00219,78.0,74,1,12,0.75
HK.00220,63.0,68,1,2,0.6
HK.00222,75.0,84,1,6,0.45
HK.00223,18.0,6,1,21,1.0
HK.00224,61.0,85,0,0,0.55
HK.00225,63.0,66,1,19,0.95
HK.00227,10.0,23,1,12,0.8
HK.00228,24.0,19,1,27,1.0
HK.00229,58.0,55,1,20,1.0
HK.00232,97.0,98,0,0,0.0
HK.00234,37.0,26,1,11,0.95
HK.00235,22.0,55,1,1,0.95
HK.00236,55.0,25,1,18,0.9
HK.00237,67.0,58,1,13,0.75
HK.00239,69.0,64,1,15,0.85
HK.00240,75.0,54,1,5,0.9
HK.00241,21.0,59,0,0,0.7
HK.00242,32.0,34,1,27,1.0
HK.00243,81.0,65,1,5,0.85
HK.00244,57.0,64,1,22,1.0
HK.00245,57.0,55,1,7,0.9
HK.00247,62.0,62,1,18,0.9
HK.00248,51.0,36,1,16,0.95
HK.00251,67.0,52,1,20,1.0
HK.00252,66.0,62,1,18,0.9
HK.00253,61.0,46,1,22,1.0
HK.00254,1.0,10,1,27,1.0
HK.00255,72.0,74,1,14,0.75
HK.00256,6.0,12,1,7,0.35
HK.00257,73.0,73,1,2,0.65
HK.00258,49.0,84,0,0,0.45
HK.00259,62.0,10,1,23,1.0
HK.00261,28.0,90,0,0,0.25
HK.00262,70.0,52,1,24,1.0
HK.00264,83.0,49,1,22,1.0
HK.00265,51.0,28,1,18,0.9
HK.00266,59.0,70,1,18,0.9
HK.00267,72.0,78,1,1,0.6
HK.00268,26.0,91,0,0,0.3
HK.00269,60.0,62,1,19,0.95
HK.00270,81.0,83,1,1,0.45
HK.00271,43.0,43,1,24,1.0
HK.00272,33.0,81,1,1,0.4
HK.00274,65.0,62,1,18,0.9
HK.00276,43.0,65,1,5,0.75
HK.00277,24.0,8,1,18,0.9
HK.00279,7.0,14,1,23,1.0
HK.00280,85.0,90,1,2,0.15
HK.00285,30.0,50,1,3,0.75
HK.00286,65.0,62,1,18,0.9
HK.00287,70.0,62,1,18,0.9
HK.00288,72.0,39,1,21,1.0
HK.00289,69.0,49,1,3,0.9
HK.00290,12.0,2,1,48,1.0
HK.00291,49.0,64,1,2,0.45
HK.00293,87.0,89,0,0,0.25
HK.00294,75.0,88,1,4,0.25
HK.00295,44.0,35,1,10,0.75
HK.00296,32.0,40,1,7,0.9
HK.00297,44.0,34,1,33,1.0
HK.00298,42.0,44,1,26,1.0
HK.00299,65.0,62,1,18,0.9
HK.00300,84.0,89,0,0,0.0
HK.00301,98.0,99,0,0,0.0
HK.00302,7.0,36,1,5,0.85
HK.00303,55.0,77,1,11,0.85
HK.00305,40.0,70,0,0,0.9
HK.00306,84.0,79,1,10,0.7
HK.00308,54.0,83,0,0,0.35
HK.00309,11.0,41,1,9,0.7
HK.00311,91.0,94,0,0,0.95
HK.00312,22.0,21,1,14,0.95
HK.00313,33.0,34,1,1,0.5
HK.00314,15.0,65,1,10,0.5
HK.00315,72.0,69,1,19,0.95
HK.00316,81.0,89,0,0,0.15
HK.00317,31.0,24,1,16,0.95
HK.00318,93.0,90,1,14,0.7
HK.00320,45.0,44,1,18,0.9
HK.00321,82.0,59,1,20,1.0
HK.00322,76.0,80,1,1,0.15
HK.00323,19.0,37,1,57,1.0
HK.00325,17.0,72,0,0,0.45
HK.00326,94.0,65,0,0,0.55
HK.00327,37.0,80,0,0,0.3
HK.00328,1.0,4,1,15,0.9
HK.00329,3.0,5,1,30,1.0
HK.00330,7.0,33,1,14,0.95
HK.00331,56.0,52,1,19,0.95
HK.00332,4.0,2,1,19,0.95
HK.00333,28.0,42,1,12,0.85
HK.00334,55.0,26,1,28,1.0
HK.00335,60.0,65,1,19,0.95
HK.00336,31.0,28,1,1,0.9
HK.00337,14.0,18,1,33,1.0
HK.00338,37.0,55,1,6,0.9
HK.00340,32.0,67,0,0,0.65
HK.00341,82.0,95,0,0,0.2
HK.00343,17.0,19,1,21,1.0
HK.00345,50.0,74,1,15,0.75
HK.00346,18.0,36,1,6,0.85
HK.00347,17.0,59,1,1,0.85
HK.00348,15.0,34,1,8,0.9
HK.00351,89.0,27,1,4,0.75
HK.00352,95.0,62,1,18,0.9
HK.00353,77.0,77,0,0,0.65
HK.00354,42.0,86,0,0,0.55
HK.00355,44.0,80,0,0,0.5
HK.00357,16.0,89,0,0,0.6
HK.00358,84.0,72,1,1,0.65
HK.00360,14.0,8,1,43,1.0
HK.00361,18.0,19,1,8,0.5
HK.00362,65.0,62,1,18,0.9
HK.00363,60.0,66,1,2,0.75
HK.00365,91.0,17,1,40,1.0
HK.00366,56.0,75,0,0,0.95
HK.00367,26.0,33,1,22,1.0
HK.00368,98.0,97,1,20,1.0
HK.00369,78.0,59,1,22,1.0
HK.00370,1.0,6,1,19,0.95
HK.00371,47.0,40,1,8,0.9
HK.00372,55.0,33,1,21,1.0
HK.00373,57.0,46,1,28,1.0
HK.00374,60.0,58,1,10,0.7
HK.00375,63.0,23,1,11,0.9
HK.00376,5.0,15,1,77,1.0
HK.00377,95.0,98,0,0,0.35
HK.00379,44.0,17,1,3,0.85
HK.00380,52.0,44,0,0,0.95
HK.00381,3.0,14,1,70,1.0
HK.00382,4.0,26,1,76,1.0
HK.00383,36.0,22,1,43,1.0
HK.00384,32.0,54,1,2,0.9
HK.00385,21.0,31,1,3,0.8
HK.00386,61.0,77,1,2,0.8
HK.00387,81.0,67,1,18,0.9
HK.00388,60.0,77,1,4,0.45
HK.00389,26.0,89,0,0,0.8
HK.00390,52.0,77,1,2,0.6
HK.00391,93.0,98,0,0,0.4
HK.00392,62.0,83,1,2,0.1
HK.00393,70.0,65,1,19,0.95
HK.00396,96.0,95,0,0,0.25
HK.00397,35.0,55,1,7,0.8
HK.00398,68.0,59,1,19,0.95
HK.00399,14.0,69,1,18,0.9
HK.00400,92.0,64,1,17,0.85
HK.00401,58.0,12,1,21,1.0
HK.00403,72.0,88,0,0,0.7
HK.00406,22.0,39,1,34,1.0
HK.00408,88.0,91,0,0,0.2
HK.00410,17.0,27,1,49,1.0
HK.00411,54.0,39,1,19,0.95
HK.00412,1.0,5,1,93,1.0
HK.00413,31.0,30,0,0,0.8
HK.00417,37.0,54,1,10,0.85
HK.00418,34.0,32,1,11,0.8
HK.00419,91.0,93,0,0,0.75
HK.00420,67.0,40,1,19,0.95
HK.00422,43.0,64,1,5,0.65
HK.00423,51.0,47,1,18,0.95
HK.00425,42.0,25,1,19,0.95
HK.00426,94.0,71,1,15,0.85
HK.00430,48.0,43,1,23,1.0
HK.00432,71.0,46,1,1,0.95
HK.00433,41.0,8,1,20,1.0
HK.00434,9.0,55,1,5,0.75
HK.00436,49.0,64,1,2,0.8
HK.00438,9.0,21,1,24,1.0
HK.00439,14.0,49,0,0,0.8
HK.00440,90.0,94,0,0,0.1
HK.00442,34.0,27,1,23,1.0
HK.00444,65.0,62,1,18,0.9
HK.00450,50.0,39,1,21,1.0
HK.00451,38.0,9,1,15,0.95
HK.00455,47.0,91,0,0,0.3
HK.00456,83.0,87,1,1,0.4
HK.00458,75.0,57,1,6,0.45
HK.00460,18.0,38,1,4,0.75
HK.00464,79.0,93,1,5,0.45
HK.00465,98.0,94,1,7,0.95
HK.00467,22.0,33,1,7,0.9
HK.00468,65.0,62,1,18,0.9
HK.00470,,7,1,44,1.0
HK.00471,3.0,18,1,15,0.95
HK.00472,20.0,3,1,23,1.0
HK.00474,94.0,69,1,18,0.9
HK.00475,61.0,47,1,19,0.95
HK.00476,14.0,32,1,2,0.95
HK.00480,59.0,69,1,8,0.75
HK.00482,26.0,15,1,4,0.95
HK.00483,23.0,39,1,3,0.7
HK.00484,49.0,83,0,0,0.55
HK.00485,77.0,32,1,18,0.9
HK.00486,17.0,27,1,35,1.0
HK.00487,14.0,74,1,8,0.7
HK.00488,51.0,35,1,3,0.75
HK.00491,32.0,57,0,0,0.7
HK.00493,15.0,29,1,14,0.95
HK.00496,6.0,9,1,51,1.0
HK.00497,52.0,34,1,24,1.0
HK.00498,24.0,62,1,18,0.9
HK.00499,87.0,69,1,5,0.6
HK.00500,23.0,33,1,3,0.4
HK.00505,49.0,46,1,11,0.65
HK.00506,57.0,74,1,1,0.75
HK.00508,27.0,17,1,26,1.0
HK.00509,65.0,62,1,18,0.9
HK.00510,62.0,81,1,4,0.35
HK.00511,40.0,86,0,0,0.9
HK.00512,22.0,49,1,8,0.6
HK.00513,25.0,35,0,0,0.95
HK.00515,46.0,62,1,18,0.9
HK.00517,68.0,78,1,1,0.5
HK.00518,50.0,36,1,23,1.0
HK.00519,48.0,69,1,7,0.55
HK.00520,3.0,9,1,48,1.0
HK.00521,48.0,16,1,23,1.0
HK.00522,91.0,13,1,21,1.0
HK.00524,98.0,91,1,16,0.8
HK.00525,71.0,77,1,2,0.45
HK.00526,85.0,29,1,17,0.9
HK.00527,71.0,42,1,11,0.9
HK.00528,83.0,92,0,0,0.5
HK.00529,63.0,59,1,20,1.0
HK.00532,55.0,5,1,35,1.0
HK.00533,48.0,41,1,19,0.95
HK.00535,11.0,25,1,38,1.0
HK.00536,81.0,74,1,17,0.9
HK.00538,61.0,56,1,6,0.8
HK.00540,82.0,58,1,23,1.0
HK.00542,79.0,67,1,1,0.6
HK.00543,39.0,34,1,14,0.75
HK.00544,17.0,1,1,23,1.0
HK.00546,19.0,44,1,2,0.85
HK.00547,25.0,36,1,9,0.6
HK.00548,61.0,76,1,4,0.4
HK.00550,98.0,89,1,6,0.4
HK.00551,72.0,80,1,1,0.65
HK.00552,69.0,85,0,0,0.8
HK.00553,19.0,31,1,4,0.9
HK.00554,45.0,62,1,7,0.9
HK.00556,87.0,69,1,17,0.85
HK.00557,45.0,77,1,20,1.0
HK.00558,5.0,13,1,53,1.0
HK.00559,48.0,62,1,18,0.9
HK.00560,41.0,33,1,21,1.0
HK.00563,26.0,25,1,20,1.0
HK.00564,38.0,57,1,6,0.85
HK.00565,92.0,48,1,11,0.75
HK.00567,95.0,11,1,19,0.95
HK.00568,51.0,42,1,6,0.4
HK.00570,22.0,48,1,11,0.8
HK.00571,36.0,32,1,3,0.85
HK.00572,30.0,42,1,19,0.95
HK.00573,35.0,36,1,17,0.95
HK.00574,3.0,8,1,34,1.0
HK.00575,86.0,93,1,7,0.45
HK.00576,52.0,52,1,1,0.85
HK.00579,38.0,34,1,20,1.0
HK.00580,31.0,3,1,23,1.0
HK.00581,43.0,73,1,4,0.65
HK.00582,31.0,97,0,0,0.7
HK.00583,51.0,58,1,24,1.0
HK.00585,98.0,22,1,14,0.75
HK.00586,41.0,19,1,19,0.95
HK.00587,5.0,7,1,14,0.95
HK.00588,35.0,39,1,26,1.0
HK.00590,75.0,90,0,0,0.4
HK.00591,55.0,81,1,4,0.3
HK.00595,94.0,14,1,11,0.55
HK.00596,9.0,22,1,18,0.95
HK.00598,62.0,82,0,0,0.4
HK.00599,37.0,42,1,15,0.85
HK.00600,,7,1,54,1.0
HK.00601,65.0,62,1,18,0.9
HK.00602,68.0,85,1,7,0.7
HK.00603,27.0,19,1,35,1.0
HK.00604,34.0,44,1,8,0.9
HK.00605,48.0,88,0,0,0.75
HK.00606,55.0,67,1,5,0.85
HK.00607,18.0,3,1,31,1.0
HK.00608,41.0,43,1,10,0.7
HK.00609,44.0,69,1,2,0.85
HK.00610,80.0,85,0,0,0.35
HK.00611,51.0,50,1,5,0.85
HK.00613,96.0,98,0,0,0.0
HK.00616,26.0,2,1,21,1.0
HK.00617,17.0,38,0,0,0.95
HK.00618,92.0,33,1,2,0.9
HK.00619,47.0,35,1,3,0.7
HK.00620,42.0,87,1,8,0.5
HK.00621,71.0,43,1,30,1.0
HK.00622,97.0,92,0,0,0.55
HK.00623,54.0,48,1,18,0.9
HK.00626,74.0,76,1,4,0.75
HK.00627,76.0,86,1,24,1.0
HK.00628,83.0,26,0,0,0.75
HK.00629,46.0,36,1,20,1.0
HK.00630,2.0,0,1,39,1.0
HK.00631,38.0,45,1,5,0.7
HK.00632,11.0,8,1,21,1.0
HK.00635,53.0,42,1,21,1.0
HK.00636,40.0,55,1,11,0.9
HK.00637,62.0,39,1,16,0.85
HK.00639,34.0,47,1,7,0.85
HK.00640,73.0,54,1,19,0.95
HK.00641,81.0,35,1,21,1.0
HK.00643,12.0,56,1,3,0.5
HK.00645,76.0,54,1,1,0.65
HK.00646,53.0,83,1,1,0.5
HK.00648,0.0,0,1,22,1.0
HK.00650,18.0,1,1,50,1.0
HK.00653,14.0,91,0,0,0.0
HK.00655,89.0,90,0,0,0.5
HK.00656,74.0,91,0,0,0.3
HK.00657,50.0,45,1,25,1.0
HK.00658,19.0,9,1,31,1.0
HK.00659,76.0,71,1,21,1.0
HK.00660,93.0,9,1,42,1.0
HK.00661,47.0,30,1,7,0.95
HK.00662,70.0,64,1,18,0.95
HK.00664,,10,1,37,1.0
HK.00666,26.0,8,1,21,1.0
HK.00667,33.0,77,0,0,0.35
HK.00669,87.0,87,1,7,0.75
HK.00670,40.0,44,1,24,1.0
HK.00672,23.0,37,1,27,1.0
HK.00673,38.0,26,1,26,1.0
HK.00674,6.0,2,1,16,0.8
HK.00675,60.0,64,1,4,0.65
HK.00676,69.0,72,1,15,0.75
HK.00677,63.0,54,1,6,0.95
HK.00679,95.0,0,1,29,1.0
HK.00681,54.0,39,1,22,1.0
HK.00682,38.0,34,1,20,1.0
HK.00683,54.0,58,1,2,0.8
HK.00684,27.0,24,1,26,1.0
HK.00685,39.0,24,1,13,0.85
HK.00686,28.0,44,1,4,0.7
HK.00687,85.0,85,0,0,0.85
HK.00688,67.0,56,1,32,1.0
HK.00689,32.0,6,1,23,1.0
HK.00690,19.0,16,1,20,1.0
HK.00691,5.0,10,1,36,1.0
HK.00693,73.0,59,1,21,1.0
HK.00694,24.0,82,0,0,0.5
HK.00695,93.0,81,1,6,0.65
HK.00696,40.0,65,1,10,0.85
HK.00697,67.0,83,0,0,0.55
HK.00698,5.0,25,1,49,1.0
HK.00700,53.0,85,0,0,0.4
HK.00701,10.0,35,1,13,0.85
HK.00702,65.0,62,1,18,0.9
HK.00703,22.0,23,1,18,0.9
HK.00704,87.0,62,1,18,0.9
HK.00707,68.0,62,1,18,0.9
HK.00708,65.0,62,1,18,0.9
HK.00709,63.0,57,1,20,1.0
HK.00710,39.0,41,1,16,0.9
HK.00711,66.0,65,1,2,0.35
HK.00712,10.0,27,0,0,0.95
HK.00713,40.0,46,1,22,1.0
HK.00716,26.0,42,1,6,0.95
HK.00717,19.0,49,1,5,0.8
HK.00718,43.0,67,1,1,0.6
HK.00719,51.0,82,1,3,0.2
HK.00720,80.0,13,1,21,1.0
HK.00722,57.0,44,1,23,1.0
HK.00723,45.0,65,1,3,0.65
HK.00725,88.0,71,1,33,1.0
HK.00726,53.0,81,0,0,0.65
HK.00727,21.0,39,1,24,1.0
HK.00728,48.0,58,1,35,1.0
HK.00730,68.0,66,1,16,0.8
HK.00731,84.0,5,1,35,1.0
HK.00732,38.0,32,1,22,1.0
HK.00733,30.0,73,1,4,0.5
HK.00736,2.0,1,1,78,1.0
HK.00737,70.0,67,1,21,1.0
HK.00738,74.0,68,1,10,0.65
HK.00743,37.0,16,1,19,0.95
HK.00745,99.0,98,0,0,0.15
HK.00746,73.0,88,0,0,0.7
HK.00747,37.0,27,1,5,0.45
HK.00750,32.0,35,1,23,1.0
HK.00751,45.0,26,1,85,1.0
HK.00752,56.0,70,1,8,0.8
HK.00753,30.0,45,1,24,1.0
HK.00754,43.0,62,1,18,0.9
HK.00755,16.0,47,1,14,0.75
HK.00756,26.0,3,1,23,1.0
HK.00757,25.0,30,0,0,0.9
HK.00759,47.0,79,1,13,0.7
HK.00760,24.0,13,1,19,0.95
HK.00762,40.0,56,1,4,0.95
HK.00763,51.0,76,1,8,0.65
HK.00764,3.0,15,1,111,1.0
HK.00765,6.0,19,1,24,1.0
HK.00767,34.0,33,1,15,0.75
HK.00769,65.0,62,1,18,0.9
HK.00771,40.0,24,1,16,0.8
HK.00772,17.0,32,1,36,1.0
HK.00775,20.0,24,1,37,1.0
HK.00776,0.0,1,1,62,1.0
HK.00777,39.0,64,1,1,0.65
HK.00780,21.0,78,0,0,0.65
HK.00784,98.0,16,1,16,0.8
HK.00788,50.0,76,1,1,0.7
HK.00789,18.0,19,1,6,0.75
HK.00794,84.0,35,1,6,0.75
HK.00797,89.0,77,1,2,0.55
HK.00798,20.0,47,1,3,0.6
HK.00799,68.0,54,1,15,0.75
HK.00800,,28,1,12,0.9
HK.00804,97.0,99,0,0,0.5
HK.00805,99.0,99,0,0,0.05
HK.00806,61.0,80,0,0,0.85
HK.00807,54.0,58,1,21,1.0
HK.00809,7.0,11,1,30,1.0
HK.00811,60.0,82,0,0,0.45
HK.00813,1.0,4,1,20,1.0
HK.00814,69.0,89,0,0,0.55
HK.00815,5.0,8,1,4,0.9
HK.00816,48.0,54,1,21,1.0
HK.00817,48.0,32,1,43,1.0
HK.00818,19.0,14,1,20,1.0
HK.00819,33.0,51,1,2,0.95
HK.00821,53.0,65,1,5,0.8
HK.00822,72.0,52,1,20,1.0
HK.00825,43.0,37,1,18,0.95
HK.00826,68.0,15,1,19,0.95
HK.00827,85.0,45,1,13,0.65
HK.00828,24.0,39,1,24,1.0
HK.00829,16.0,52,1,17,0.9
HK.00830,13.0,33,1,24,1.0
HK.00831,78.0,77,1,15,0.75
HK.00832,5.0,10,1,9,0.8
HK.00833,89.0,47,1,17,0.95
HK.00834,80.0,84,0,0,0.2
HK.00836,75.0,78,1,3,0.65
HK.00837,46.0,43,1,20,1.0
HK.00838,60.0,37,1,23,1.0
HK.00839,20.0,65,1,11,0.75
HK.00840,55.0,73,1,5,0.7
HK.00841,86.0,92,0,0,0.8
HK.00842,44.0,31,1,18,0.9
HK.00844,67.0,43,1,27,1.0
HK.00845,65.0,62,1,18,0.9
HK.00846,24.0,33,1,18,0.9
HK.00848,30.0,34,1,1,0.7
HK.00851,32.0,50,1,24,1.0
HK.00852,65.0,62,1,18,0.9
HK.00853,18.0,35,1,9,0.7
HK.00854,23.0,24,1,28,1.0
HK.00855,42.0,59,1,2,0.85
HK.00856,77.0,50,0,0,0.8
HK.00857,78.0,66,1,2,0.55
HK.00858,35.0,49,1,4,0.2
HK.00859,56.0,91,0,0,0.2
HK.00860,17.0,13,1,26,1.0
HK.00861,31.0,46,1,47,1.0
HK.00862,96.0,95,1,6,0.4
HK.00863,33.0,65,1,5,0.9
HK.00864,77.0,40,1,18,0.95
HK.00865,59.0,22,1,19,0.95
HK.00866,12.0,40,0,0,0.6
HK.00867,50.0,71,1,7,0.35
HK.00868,74.0,75,0,0,0.9
HK.00869,53.0,36,1,14,0.9
HK.00871,14.0,4,1,18,0.9
HK.00873,19.0,32,1,32,1.0
HK.00874,51.0,73,1,8,0.4
HK.00875,2.0,1,1,19,0.95
HK.00876,11.0,1,1,47,1.0
HK.00878,62.0,45,1,24,1.0
HK.00880,13.0,28,1,2,0.85
HK.00881,4.0,12,1,110,1.0
HK.00882,49.0,68,1,19,0.95
HK.00883,74.0,56,1,2,0.65
HK.00884,2.0,10,1,43,1.0
HK.00887,53.0,79,1,3,0.55
HK.00888,10.0,16,1,25,1.0
HK.00889,74.0,5,1,23,1.0
HK.00893,28.0,41,0,0,0.9
HK.00894,96.0,3,1,20,1.0
HK.00895,21.0,25,1,21,1.0
HK.00896,75.0,85,1,7,0.55
HK.00897,53.0,75,1,4,0.6
HK.00898,81.0,91,0,0,0.45
HK.00899,64.0,67,1,9,0.45
HK.00900,83.0,82,1,4,0.35
HK.00902,79.0,71,1,3,0.7
HK.00907,61.0,62,1,18,0.9
HK.00909,6.0,19,1,12,0.95
HK.00910,85.0,93,0,0,0.85
HK.00911,93.0,37,1,12,0.6
HK.00912,60.0,70,1,8,0.65
HK.00914,43.0,71,1,2,0.65
HK.00915,33.0,85,1,4,0.6
HK.00916,37.0,51,1,4,0.75
HK.00917,2.0,9,1,42,1.0
HK.00918,98.0,99,0,0,0.2
HK.00919,57.0,32,1,22,1.0
HK.00921,76.0,65,1,20,1.0
HK.00922,31.0,28,1,20,1.0
HK.00923,41.0,16,1,17,0.9
HK.00924,23.0,86,1,3,0.15
HK.00926,57.0,52,1,18,0.9
HK.00927,30.0,40,1,24,1.0
HK.00928,80.0,96,0,0,0.6
HK.00929,58.0,23,1,35,1.0
HK.00931,14.0,11,1,19,0.95
HK.00932,46.0,75,0,0,0.8
HK.00933,8.0,8,1,11,0.95
HK.00934,54.0,66,1,6,0.75
HK.00936,82.0,79,0,0,0.55
HK.00938,26.0,21,1,21,1.0
HK.00939,82.0,89,0,0,0.4
HK.00941,70.0,79,1,2,0.8
HK.00943,31.0,41,1,16,0.95
HK.00945,87.0,88,1,1,0.25
HK.00947,59.0,18,1,23,1.0
HK.00948,42.0,27,1,6,0.45
HK.00950,30.0,54,1,6,0.7
HK.00951,39.0,20,1,55,1.0
HK.00952,14.0,33,1,24,1.0
HK.00953,26.0,66,1,9,0.75
HK.00954,34.0,16,1,25,1.0
HK.00956,48.0,77,0,0,0.5
HK.00959,65.0,62,1,18,0.9
HK.00960,26.0,51,1,3,0.95
HK.00966,82.0,89,0,0,0.25
HK.00968,33.0,78,0,0,0.8
HK.00969,35.0,74,0,0,0.9
HK.00970,13.0,11,1,4,0.85
HK.00974,37.0,48,1,6,0.7
HK.00975,18.0,31,1,6,0.7
HK.00976,65.0,62,1,18,0.9
HK.00978,47.0,44,1,4,0.9
HK.00979,75.0,24,1,15,0.85
HK.00980,32.0,40,1,1,0.9
HK.00981,53.0,14,1,17,0.95
HK.00983,37.0,34,1,2,0.8
HK.00984,9.0,28,1,5,0.9
HK.00986,15.0,94,0,0,0.25
HK.00987,91.0,83,1,4,0.4
HK.00989,26.0,4,1,17,0.85
HK.00990,12.0,10,1,38,1.0
HK.00991,78.0,54,1,7,0.9
HK.00992,96.0,95,0,0,0.5
HK.00993,28.0,88,1,6,0.4
HK.00994,41.0,12,1,25,1.0
HK.00995,83.0,57,1,4,0.75
HK.00997,14.0,20,1,3,0.8
HK.00998,73.0,84,0,0,0.55
HK.00999,55.0,87,0,0,0.55
HK.01000,35.0,30,1,16,0.85
HK.01001,72.0,44,1,21,1.0
HK.01002,37.0,9,1,20,1.0
HK.01003,13.0,24,1,20,1.0
HK.01004,3.0,4,1,78,1.0
HK.01005,63.0,83,1,3,0.5
HK.01007,65.0,62,1,18,0.9
HK.01008,39.0,51,1,17,0.95
HK.01009,87.0,84,1,13,0.65
HK.01010,1.0,0,1,27,1.0
HK.01011,5.0,7,1,61,1.0
HK.01013,61.0,1,1,51,1.0
HK.01020,91.0,28,1,4,0.85
HK.01021,,1,1,25,1.0
HK.01022,20.0,22,1,17,0.85
HK.01023,58.0,45,1,19,0.95
HK.01024,30.0,72,1,12,0.9
HK.01025,29.0,9,1,15,0.95
HK.01026,11.0,18,1,33,1.0
HK.01027,91.0,92,1,2,0.2
HK.01028,95.0,29,1,35,1.0
HK.01029,38.0,83,0,0,0.8
HK.01030,11.0,23,1,55,1.0
HK.01033,27.0,54,1,7,0.8
HK.01036,71.0,79,1,5,0.4
HK.01037,88.0,92,0,0,0.75
HK.01038,76.0,74,1,6,0.6
HK.01039,54.0,23,1,22,1.0
HK.01044,58.0,75,1,2,0.75
HK.01045,29.0,16,1,55,1.0
HK.01046,74.0,88,1,1,0.25
HK.01047,84.0,94,0,0,0.25
HK.01049,33.0,11,1,21,1.0
HK.01050,62.0,10,1,30,1.0
HK.01051,54.0,88,1,4,0.5
HK.01052,52.0,49,1,21,1.0
HK.01053,24.0,47,1,27,1.0
HK.01055,36.0,55,1,5,0.95
HK.01057,29.0,37,0,0,0.85
HK.01058,58.0,75,0,0,0.9
HK.01059,47.0,15,1,16,0.8
HK.01060,15.0,41,1,1,0.9
HK.01061,12.0,15,1,11,0.75
HK.01063,10.0,77,0,0,0.85
HK.01064,59.0,24,1,22,1.0
HK.01065,60.0,71,1,6,0.8
HK.01066,28.0,72,1,9,0.7
HK.01068,11.0,15,1,21,1.0
HK.01069,30.0,73,1,10,0.55
HK.01070,89.0,91,0,0,0.1
HK.01071,68.0,65,1,6,0.85
HK.01072,49.0,23,0,0,0.95
HK.01073,46.0,52,1,14,0.8
HK.01075,19.0,30,1,24,1.0
HK.01079,35.0,7,1,17,0.85
HK.01080,21.0,12,1,9,0.95
HK.01082,19.0,11,1,14,0.85
HK.01083,59.0,85,1,1,0.15
HK.01084,73.0,47,1,10,0.6
HK.01085,86.0,84,1,11,0.9
HK.01086,53.0,84,1,3,0.6
HK.01087,95.0,97,1,1,0.5
HK.01088,74.0,64,1,6,0.65
HK.01090,43.0,50,1,21,1.0
HK.01091,36.0,18,1,49,1.0
HK.01093,64.0,84,1,1,0.05
HK.01094,77.0,96,0,0,0.85
HK.01097,85.0,84,1,14,0.7
HK.01098,18.0,20,1,23,1.0
HK.01099,56.0,77,1,10,0.5
HK.01100,75.0,53,1,19,0.95
HK.01101,65.0,62,1,18,0.9
HK.01102,97.0,98,0,0,0.2
HK.01104,27.0,29,1,7,0.8
HK.01105,39.0,53,1,15,0.95
HK.01107,40.0,62,1,18,0.9
HK.01108,11.0,26,1,30,1.0
HK.01109,79.0,73,1,10,0.7
HK.01110,37.0,82,1,6,0.5
HK.01111,40.0,68,0,0,0.8
HK.01112,79.0,94,0,0,0.0
HK.01113,81.0,76,1,4,0.5
HK.01114,18.0,28,1,33,1.0
HK.01115,31.0,30,1,16,0.8
HK.01116,34.0,64,1,4,0.35
HK.01117,82.0,96,0,0,0.2
HK.01118,75.0,59,1,17,0.9
HK.01119,4.0,13,1,35,1.0
HK.01120,43.0,73,1,13,0.65
HK.01121,2.0,2,1,82,1.0
HK.01122,16.0,13,1,65,1.0
HK.01123,50.0,40,1,5,0.9
HK.01124,7.0,12,1,5,0.9
HK.01125,25.0,26,1,37,1.0
HK.01126,29.0,72,1,5,0.45
HK.01127,56.0,46,1,21,1.0
HK.01128,60.0,79,1,1,0.55
HK.01129,4.0,14,1,64,1.0
HK.01130,72.0,41,1,16,0.85
HK.01132,85.0,90,1,1,0.05
HK.01133,82.0,38,0,0,0.7
HK.01134,88.0,34,1,22,1.0
HK.01137,33.0,50,1,16,0.95
HK.01138,87.0,51,0,0,0.9
HK.01141,15.0,0,1,8,0.45
HK.01142,1.0,4,1,20,1.0
HK.01143,80.0,93,0,0,0.0
HK.01145,52.0,88,1,2,0.35
HK.01146,87.0,90,1,3,0.2
HK.01147,46.0,23,1,16,0.9
HK.01148,43.0,40,1,10,0.8
HK.01150,6.0,21,1,20,1.0
HK.01152,87.0,6,1,24,1.0
HK.01153,81.0,95,0,0,0.4
HK.01156,95.0,94,0,0,0.05
HK.01157,72.0,81,1,3,0.7
HK.01159,73.0,91,0,0,0.75
HK.01161,90.0,91,0,0,0.1
HK.01162,38.0,41,1,4,0.85
HK.01163,79.0,51,1,14,0.8
HK.01164,27.0,18,1,41,1.0
HK.01165,66.0,62,1,18,0.9
HK.01166,1.0,33,0,0,0.55
HK.01167,14.0,27,1,8,0.55
HK.01168,83.0,98,0,0,0.0
HK.01170,45.0,49,1,25,1.0
HK.01171,61.0,32,1,7,0.9
HK.01172,35.0,39,1,14,0.7
HK.01173,38.0,43,1,18,0.9
HK.01176,2.0,8,1,48,1.0
HK.01177,34.0,69,1,6,0.3
HK.01179,61.0,42,1,20,1.0
HK.01180,89.0,96,0,0,0.0
HK.01181,8.0,8,1,21,1.0
HK.01182,63.0,24,1,24,1.0
HK.01183,41.0,28,1,14,0.95
HK.01184,92.0,90,1,3,0.25
HK.01186,53.0,78,1,6,0.7
HK.01188,65.0,62,1,18,0.9
HK.01193,41.0,57,1,1,0.7
HK.01195,8.0,8,1,20,1.0
HK.01196,9.0,2,1,12,0.95
HK.01198,12.0,70,1,12,0.8
HK.01199,57.0,82,0,0,0.25
HK.01200,62.0,32,1,5,0.9
HK.01201,94.0,43,1,11,0.8
HK.01202,89.0,73,1,3,0.55
HK.01203,35.0,46,1,6,0.55
HK.01204,56.0,25,1,14,0.7
HK.01205,58.0,26,1,23,1.0
HK.01206,30.0,66,1,16,0.8
HK.01208,85.0,78,0,0,0.65
HK.01209,59.0,52,1,20,1.0
HK.01211,47.0,78,0,0,0.1
HK.01213,85.0,74,1,1,0.8
HK.01215,36.0,22,1,26,1.0
HK.01216,38.0,40,1,20,1.0
HK.01218,47.0,35,1,18,0.9
HK.01220,65.0,62,1,18,0.9
HK.01221,63.0,50,1,18,0.9
HK.01222,69.0,87,1,4,0.35
HK.01223,59.0,43,1,19,0.95
HK.01224,65.0,56,1,20,1.0
HK.01225,80.0,58,1,24,1.0
HK.01228,86.0,48,1,5,0.7
HK.01229,18.0,41,1,43,1.0
HK.01231,62.0,46,1,18,0.95
HK.01232,13.0,4,1,24,1.0
HK.01233,1.0,7,1,82,1.0
HK.01234,66.0,46,1,19,0.95
HK.01235,76.0,39,1,11,0.7
HK.01237,56.0,68,1,5,0.75
HK.01238,16.0,16,1,19,0.95
HK.01239,39.0,5,1,16,0.9
HK.01240,58.0,70,1,22,1.0
HK.01241,25.0,57,0,0,0.75
HK.01243,54.0,57,1,14,0.85
HK.01244,4.0,9,1,44,1.0
HK.01245,73.0,82,1,6,0.65
HK.01246,65.0,62,1,18,0.9
HK.01247,6.0,15,1,29,1.0
HK.01250,18.0,37,1,38,1.0
HK.01251,54.0,27,1,19,0.95
HK.01252,46.0,62,1,18,0.9
HK.01253,9.0,9,1,21,1.0
HK.01255,97.0,20,1,20,1.0
HK.01257,44.0,34,1,31,1.0
HK.01258,86.0,88,0,0,0.3
HK.01259,75.0,29,0,0,0.95
HK.01260,47.0,27,1,25,1.0
HK.01262,82.0,93,1,2,0.1
HK.01265,23.0,33,1,2,0.9
HK.01268,1.0,4,1,88,1.0
HK.01269,81.0,95,0,0,0.5
HK.01270,57.0,47,1,12,0.9
HK.01271,1.0,0,1,21,1.0
HK.01272,63.0,78,1,7,0.65
HK.01273,88.0,84,1,17,0.85
HK.01274,8.0,13,1,21,1.0
HK.01276,34.0,39,1,15,0.75
HK.01277,69.0,28,1,7,0.85
HK.01278,38.0,75,0,0,0.9
HK.01280,4.0,10,1,11,0.65
HK.01281,54.0,56,1,17,0.85
HK.01282,29.0,88,0,0,0.7
HK.01283,60.0,29,1,21,1.0
HK.01284,88.0,75,1,20,1.0
HK.01285,77.0,78,1,2,0.7
HK.01286,88.0,16,1,20,1.0
HK.01288,78.0,87,0,0,0.45
HK.01289,52.0,52,1,17,0.85
HK.01290,55.0,59,1,8,0.7
HK.01292,18.0,30,1,25,1.0
HK.01293,65.0,62,1,18,0.9
HK.01298,78.0,90,1,9,0.45
HK.01299,69.0,68,1,2,0.7
HK.01300,96.0,1,1,28,1.0
HK.01301,44.0,67,1,10,0.85
HK.01302,18.0,19,1,5,0.9
HK.01303,37.0,20,1,14,0.95
HK.01304,23.0,8,1,17,0.85
HK.01305,78.0,83,1,10,0.5
HK.01308,90.0,90,0,0,0.1
HK.01310,66.0,50,1,21,1.0
HK.01312,60.0,66,1,4,0.35
HK.01313,20.0,42,1,2,0.9
HK.01314,80.0,92,1,1,0.15
HK.01315,45.0,63,1,14,0.9
HK.01316,29.0,52,0,0,0.85
HK.01317,8.0,30,1,8,0.75
HK.01318,16.0,34,1,2,0.75
HK.01319,83.0,64,1,18,0.9
HK.01321,81.0,88,0,0,0.5
HK.01323,92.0,96,1,1,0.15
HK.01326,52.0,62,1,18,0.9
HK.01327,96.0,98,0,0,0.0
HK.01328,28.0,18,1,6,0.85
HK.01330,72.0,65,1,8,0.95
HK.01332,87.0,49,1,10,0.5
HK.01333,3.0,4,1,23,1.0
HK.01334,60.0,36,1,20,1.0
HK.01335,71.0,90,0,0,0.85
HK.01336,64.0,79,1,6,0.8
HK.01338,44.0,77,1,2,0.45
HK.01339,54.0,84,1,1,0.35
HK.01340,90.0,71,1,3,0.95
HK.01341,2.0,15,1,30,1.0
HK.01343,88.0,74,0,0,0.95
HK.01345,67.0,48,1,14,0.8
HK.01346,63.0,75,1,8,0.4
HK.01347,93.0,18,1,16,0.8
HK.01348,92.0,15,1,15,0.75
HK.01349,26.0,44,1,12,0.75
HK.01351,15.0,29,1,14,0.75
HK.01354,8.0,35,1,21,1.0
HK.01355,85.0,81,0,0,0.6
HK.01357,31.0,85,0,0,0.75
HK.01358,36.0,33,1,19,0.95
HK.01359,40.0,52,1,21,1.0
HK.01361,41.0,71,1,2,0.55
HK.01362,91.0,55,1,20,1.0
HK.01364,52.0,69,0,0,0.75
HK.01368,29.0,32,1,34,1.0
HK.01370,2.0,6,1,1,0.55
HK.01371,5.0,11,1,29,1.0
HK.01372,70.0,95,0,0,0.35
HK.01373,53.0,53,1,3,0.85
HK.01375,32.0,55,1,20,1.0
HK.01376,38.0,62,1,18,0.9
HK.01378,42.0,38,1,1,0.65
HK.01379,12.0,10,1,25,1.0
HK.01380,92.0,14,1,23,1.0
HK.01382,32.0,72,1,5,0.85
HK.01384,,8,1,45,1.0
HK.01385,14.0,8,1,16,0.8
HK.01388,23.0,31,1,22,1.0
HK.01389,86.0,79,1,4,0.25
HK.01393,11.0,17,1,1,0.95
HK.01395,43.0,67,0,0,0.9
HK.01396,91.0,7,1,21,1.0
HK.01397,56.0,38,1,29,1.0
HK.01398,84.0,89,0,0,0.35
HK.01399,93.0,38,1,4,0.8
HK.01400,58.0,58,1,22,1.0
HK.01401,1.0,4,1,2,0.95
HK.01402,61.0,56,1,6,0.4
HK.01405,9.0,73,1,1,0.25
HK.01406,65.0,62,1,18,0.9
HK.01407,70.0,75,1,4,0.8
HK.01408,88.0,45,0,0,0.95
HK.01410,94.0,40,1,1,0.85
HK.01412,45.0,84,0,0,0.85
HK.01413,4.0,15,1,19,0.95
HK.01415,19.0,14,1,47,1.0
HK.01416,88.0,59,0,0,0.85
HK.01417,99.0,99,0,0,0.0
HK.01418,20.0,18,1,8,0.75
HK.01419,44.0,48,1,6,0.75
HK.01420,56.0,31,1,22,1.0
HK.01421,84.0,94,1,1,0.2
HK.01425,54.0,42,1,18,0.9
HK.01427,73.0,71,1,11,0.8
HK.01428,10.0,12,1,61,1.0
HK.01429,92.0,6,1,23,1.0
HK.01431,70.0,92,0,0,0.65
HK.01432,78.0,85,0,0,0.55
HK.01433,51.0,62,1,18,0.9
HK.01440,86.0,29,1,12,0.95
HK.01442,62.0,81,1,10,0.8
HK.01443,34.0,56,1,3,0.8
HK.01446,34.0,31,1,20,1.0
HK.01447,81.0,82,1,4,0.2
HK.01448,52.0,62,1,18,0.9
HK.01449,96.0,98,0,0,0.3
HK.01450,75.0,92,0,0,0.55
HK.01451,55.0,38,1,20,1.0
HK.01452,92.0,93,1,6,0.4
HK.01455,74.0,75,1,7,0.8
HK.01456,29.0,50,1,7,0.95
HK.01458,25.0,43,1,11,0.8
HK.01459,42.0,50,1,11,0.6
HK.01460,52.0,42,1,15,0.75
HK.01461,62.0,92,0,0,0.35
HK.01463,79.0,70,1,9,0.6
HK.01466,93.0,96,1,10,0.5
HK.01468,2.0,9,1,28,1.0
HK.01470,79.0,21,1,20,1.0
HK.01471,9.0,7,1,19,0.95
HK.01472,90.0,74,0,0,0.6
HK.01473,97.0,88,1,5,0.7
HK.01475,61.0,65,1,19,0.95
HK.01476,21.0,39,1,12,0.85
HK.01477,18.0,39,1,7,0.55
HK.01478,25.0,29,1,29,1.0
HK.01480,67.0,25,1,29,1.0
HK.01481,84.0,30,1,4,0.95
HK.01483,49.0,37,1,10,0.75
HK.01486,77.0,5,0,0,0.95
HK.01488,83.0,53,0,0,0.55
HK.01489,89.0,86,1,4,0.65
HK.01490,84.0,45,1,19,0.95
HK.01496,56.0,45,1,10,0.85
HK.01497,38.0,24,1,14,0.7
HK.01498,35.0,47,1,20,1.0
HK.01499,7.0,28,1,19,0.95
HK.01500,98.0,97,0,0,0.85
HK.01501,68.0,46,1,7,0.65
HK.01502,55.0,56,1,19,0.95
HK.01508,73.0,93,0,0,0.15
HK.01513,45.0,68,1,10,0.5
HK.01515,37.0,74,1,5,0.7
HK.01516,13.0,51,1,9,0.55
HK.01518,3.0,2,1,25,1.0
HK.01519,70.0,87,0,0,0.15
HK.01520,12.0,33,1,4,0.95
HK.01521,77.0,96,0,0,0.05
HK.01522,25.0,25,1,3,0.75
HK.01523,85.0,71,1,1,0.95
HK.01525,78.0,96,0,0,0.0
HK.01526,82.0,92,1,6,0.35
HK.01527,43.0,41,1,18,0.9
HK.01528,28.0,34,1,34,1.0
HK.01529,36.0,32,0,0,0.75
HK.01530,16.0,23,1,13,0.8
HK.01532,87.0,91,0,0,0.45
HK.01536,24.0,6,1,29,1.0
HK.01538,91.0,31,1,13,0.65
HK.01539,60.0,44,1,4,0.85
HK.01540,91.0,96,0,0,0.15
HK.01541,6.0,16,1,13,0.9
HK.01542,7.0,3,1,20,1.0
HK.01543,34.0,68,1,3,0.6
HK.01545,92.0,90,0,0,0.65
HK.01546,79.0,11,1,34,1.0
HK.01547,45.0,30,1,31,1.0
HK.01548,77.0,94,0,0,0.05
HK.01549,10.0,5,1,20,1.0
HK.01551,59.0,67,1,7,0.95
HK.01552,84.0,64,1,15,0.75
HK.01553,76.0,88,0,0,0.5
HK.01555,27.0,32,1,7,0.85
HK.01556,41.0,70,1,7,0.55
HK.01557,96.0,93,1,3,0.35
HK.01559,20.0,49,0,0,0.85
HK.01560,77.0,87,1,6,0.4
HK.01561,42.0,48,1,6,0.95
HK.01563,21.0,27,1,15,0.95
HK.01565,61.0,84,0,0,0.4
HK.01566,65.0,7,1,38,1.0
HK.01568,54.0,54,1,6,0.9
HK.01569,25.0,50,1,7,0.95
HK.01570,98.0,53,1,19,0.95
HK.01571,74.0,48,1,20,1.0
HK.01572,33.0,22,1,19,0.95
HK.01575,24.0,53,1,5,0.85
HK.01576,63.0,79,1,6,0.6
HK.01577,80.0,67,1,13,0.65
HK.01578,52.0,58,1,20,1.0
HK.01579,77.0,86,1,1,0.1
HK.01580,85.0,72,0,0,0.75
HK.01581,90.0,45,1,1,0.7
HK.01582,70.0,53,1,5,0.9
HK.01583,50.0,88,0,0,0.6
HK.01585,50.0,79,1,1,0.45
HK.01586,39.0,80,1,16,0.85
HK.01587,40.0,18,1,18,0.9
HK.01588,10.0,29,1,5,0.95
HK.01591,63.0,54,0,0,0.95
HK.01592,80.0,50,1,9,0.45
HK.01593,30.0,39,1,27,1.0
HK.01596,6.0,9,1,1,0.95
HK.01597,95.0,29,1,8,0.45
HK.01598,65.0,62,1,18,0.9
HK.01599,37.0,50,1,14,0.95
HK.01600,50.0,56,1,19,0.95
HK.01601,63.0,81,1,3,0.5
HK.01606,57.0,69,1,5,0.65
HK.01608,2.0,3,1,21,1.0
HK.01610,21.0,55,1,3,0.4
HK.01611,8.0,22,1,14,0.7
HK.01612,50.0,32,1,23,1.0
HK.01613,98.0,99,0,0,0.0
HK.01615,88.0,69,1,5,0.4
HK.01616,85.0,62,1,18,0.9
HK.01617,88.0,1,1,29,1.0
HK.01618,37.0,69,1,5,0.35
HK.01620,91.0,96,0,0,0.6
HK.01621,91.0,87,0,0,0.6
HK.01622,89.0,66,1,11,0.95
HK.01623,71.0,44,1,20,1.0
HK.01626,99.0,98,0,0,0.0
HK.01627,45.0,46,1,5,0.95
HK.01628,16.0,11,1,21,1.0
HK.01629,77.0,50,1,22,1.0
HK.01630,98.0,35,1,15,0.75
HK.01631,96.0,96,1,7,0.5
HK.01632,15.0,35,1,28,1.0
HK.01633,98.0,97,0,0,0.65
HK.01635,31.0,30,1,45,1.0
HK.01636,16.0,62,1,18,0.9
HK.01637,94.0,74,0,0,0.9
HK.01638,2.0,2,1,19,0.95
HK.01640,0.0,3,1,104,1.0
HK.01641,,34,1,66,1.0
HK.01643,68.0,2,1,51,1.0
HK.01645,87.0,67,1,8,0.75
HK.01647,21.0,53,1,1,0.5
HK.01650,88.0,81,1,15,0.8
HK.01651,92.0,23,1,14,0.75
HK.01652,91.0,57,1,5,0.85
HK.01653,93.0,3,1,25,1.0
HK.01655,56.0,31,1,15,0.95
HK.01656,92.0,42,1,21,1.0
HK.01657,97.0,95,1,6,0.65
HK.01658,64.0,83,1,2,0.75
HK.01660,27.0,7,1,45,1.0
HK.01661,91.0,6,1,15,0.85
HK.01662,8.0,17,1,24,1.0
HK.01663,7.0,5,1,51,1.0
HK.01666,41.0,72,1,4,0.45
HK.01667,89.0,89,0,0,0.4
HK.01668,60.0,62,1,18,0.9
HK.01669,91.0,88,1,1,0.9
HK.01671,59.0,53,1,11,0.95
HK.01672,21.0,10,1,16,0.9
HK.01673,84.0,68,1,18,0.9
HK.01675,13.0,38,1,17,0.95
HK.01676,10.0,41,1,5,0.65
HK.01679,96.0,58,1,15,0.8
HK.01680,2.0,12,1,7,0.95
HK.01681,52.0,53,1,12,0.7
HK.01682,72.0,15,1,22,1.0
HK.01683,4.0,19,1,28,1.0
HK.01685,94.0,42,1,14,0.7
HK.01686,27.0,23,1,42,1.0
HK.01689,34.0,71,0,0,0.9
HK.01690,91.0,40,1,13,0.65
HK.01691,32.0,73,1,11,0.65
HK.01692,31.0,25,1,11,0.75
HK.01693,94.0,27,1,21,1.0
HK.01695,35.0,21,1,23,1.0
HK.01696,14.0,45,1,6,0.85
HK.01697,23.0,21,1,11,0.95
HK.01698,22.0,78,1,1,0.45
HK.01701,17.0,22,1,22,1.0
HK.01702,29.0,16,1,20,1.0
HK.01703,98.0,99,0,0,0.1
HK.01705,94.0,96,0,0,0.05
HK.01707,34.0,62,1,18,0.9
HK.01708,66.0,70,1,19,0.95
HK.01709,10.0,16,1,20,1.0
HK.01710,96.0,98,0,0,0.1
HK.01711,78.0,15,1,34,1.0
HK.01712,28.0,20,1,5,0.8
HK.01713,32.0,48,1,25,1.0
HK.01715,63.0,52,0,0,0.95
HK.01716,99.0,5,1,15,0.75
HK.01717,13.0,17,1,20,1.0
HK.01718,97.0,99,0,0,0.2
HK.01719,34.0,85,1,3,0.35
HK.01720,90.0,1,1,29,1.0
HK.01721,14.0,62,1,18,0.9
HK.01722,90.0,95,1,4,0.2
HK.01723,4.0,7,1,27,1.0
HK.01725,2.0,2,1,21,1.0
HK.01726,28.0,65,1,4,0.65
HK.01727,14.0,38,1,4,0.8
HK.01728,65.0,62,1,18,0.9
HK.01729,50.0,12,1,25,1.0
HK.01731,73.0,66,1,6,0.9
HK.01732,73.0,81,1,4,0.85
HK.01733,28.0,55,1,5,0.6
HK.01735,61.0,53,1,19,0.95
HK.01736,34.0,37,1,13,0.65
HK.01737,92.0,90,0,0,0.65
HK.01738,3.0,23,1,14,0.75
HK.01739,15.0,6,1,22,1.0
HK.01740,95.0,84,1,5,0.6
HK.01741,75.0,33,1,2,0.7
HK.01742,84.0,24,1,23,1.0
HK.01745,1.0,10,1,80,1.0
HK.01746,88.0,87,0,0,0.35
HK.01747,57.0,38,1,22,1.0
HK.01748,65.0,62,1,18,0.9
HK.01749,13.0,31,1,37,1.0
HK.01750,90.0,38,1,30,1.0
HK.01751,50.0,4,1,25,1.0
HK.01752,86.0,48,1,8,0.95
HK.01753,30.0,66,0,0,0.65
HK.01755,65.0,62,1,18,0.9
HK.01756,12.0,14,1,22,1.0
HK.01757,99.0,0,1,22,1.0
HK.01758,39.0,33,1,14,0.7
HK.01759,20.0,20,1,6,0.75
HK.01760,33.0,6,1,29,1.0
HK.01762,84.0,90,0,0,0.55
HK.01763,54.0,41,1,20,1.0
HK.01765,29.0,46,1,3,0.45
HK.01766,57.0,86,0,0,0.5
HK.01767,72.0,53,1,19,0.95
HK.01768,,74,1,2,0.25
HK.01769,4.0,23,1,67,1.0
HK.01771,27.0,50,1,23,1.0
HK.01772,25.0,4,1,56,1.0
HK.01773,7.0,37,1,1,0.5
HK.01775,80.0,24,1,19,0.95
HK.01776,58.0,65,1,7,0.7
HK.01777,16.0,11,1,14,0.95
HK.01778,28.0,57,0,0,0.85
HK.01780,98.0,98,0,0,0.3
HK.01782,17.0,11,1,19,0.95
HK.01783,90.0,74,0,0,0.85
HK.01785,63.0,69,1,18,0.95
HK.01786,43.0,57,1,21,1.0
HK.01787,13.0,29,1,1,0.8
HK.01788,17.0,47,1,9,0.95
HK.01789,55.0,59,1,8,0.6
HK.01790,67.0,50,1,18,0.9
HK.01792,42.0,16,1,29,1.0
HK.01793,94.0,94,0,0,0.2
HK.01795,15.0,9,1,25,1.0
HK.01796,0.0,1,1,99,1.0
HK.01797,67.0,46,1,8,0.7
HK.01798,18.0,26,1,7,0.9
HK.01799,10.0,27,0,0,0.95
HK.01800,37.0,57,1,30,1.0
HK.01801,61.0,67,1,6,0.3
HK.01802,67.0,62,1,18,0.9
HK.01803,35.0,48,1,17,0.85
HK.01808,86.0,96,1,1,0.45
HK.01809,54.0,49,1,6,0.6
HK.01810,27.0,85,1,1,0.1
HK.01811,48.0,46,1,7,0.9
HK.01812,29.0,28,1,67,1.0
HK.01813,6.0,14,1,39,1.0
HK.01815,86.0,99,0,0,0.25
HK.01816,55.0,69,1,6,0.85
HK.01817,31.0,74,1,6,0.5
HK.01818,26.0,56,0,0,0.5
HK.01820,83.0,91,1,8,0.4
HK.01822,84.0,94,1,1,0.2
HK.01823,61.0,17,1,22,1.0
HK.01825,94.0,98,0,0,0.9
HK.01826,89.0,87,0,0,0.4
HK.01827,33.0,17,1,5,0.4
HK.01828,50.0,86,0,0,0.95
HK.01830,73.0,88,1,5,0.25
HK.01831,97.0,97,1,1,0.3
HK.01832,92.0,85,1,3,0.7
HK.01833,15.0,34,1,79,1.0
HK.01835,97.0,98,0,0,0.0
HK.01836,69.0,85,0,0,0.4
HK.01837,89.0,47,1,5,0.35
HK.01841,92.0,97,1,1,0.05
HK.01842,29.0,51,0,0,0.85
HK.01843,96.0,97,0,0,0.35
HK.01845,86.0,52,1,18,0.9
HK.01846,41.0,49,1,3,0.65
HK.01847,42.0,51,1,13,0.9
HK.01848,44.0,59,1,25,1.0
HK.01849,65.0,62,1,18,0.9
HK.01850,9.0,18,1,31,1.0
HK.01851,93.0,6,1,24,1.0
HK.01853,39.0,70,0,0,0.75
HK.01854,83.0,85,0,0,0.55
HK.01855,2.0,28,1,26,1.0
HK.01856,35.0,31,1,32,1.0
HK.01857,49.0,58,1,20,1.0
HK.01858,21.0,48,1,12,0.85
HK.01860,35.0,22,1,33,1.0
HK.01861,89.0,76,1,19,0.95
HK.01862,73.0,62,1,18,0.9
HK.01865,88.0,52,1,22,1.0
HK.01866,78.0,54,1,5,0.75
HK.01867,76.0,89,1,4,0.2
HK.01868,6.0,2,1,22,1.0
HK.01869,6.0,1,1,9,0.9
HK.01870,5.0,1,1,41,1.0
HK.01871,77.0,21,1,20,1.0
HK.01872,16.0,9,1,2,0.85
HK.01873,17.0,45,1,5,0.65
HK.01875,74.0,19,1,13,0.8
HK.01876,44.0,58,1,2,0.65
HK.01877,20.0,28,1,7,0.45
HK.01878,20.0,19,1,22,1.0
HK.01879,,2,1,41,1.0
HK.01880,35.0,58,1,1,0.85
HK.01882,58.0,73,1,3,0.75
HK.01883,78.0,80,0,0,0.6
HK.01884,84.0,94,0,0,0.45
HK.01888,94.0,1,1,21,1.0
HK.01889,4.0,13,1,3,0.85
HK.01890,27.0,58,1,1,0.55
HK.01891,85.0,51,1,23,1.0
HK.01894,88.0,95,0,0,0.35
HK.01895,14.0,29,1,78,1.0
HK.01896,20.0,26,1,11,0.65
HK.01897,77.0,85,0,0,0.6
HK.01898,49.0,35,1,6,0.85
HK.01899,67.0,58,1,20,1.0
HK.01900,20.0,11,1,29,1.0
HK.01901,20.0,38,1,5,0.8
HK.01903,87.0,80,1,16,0.9
HK.01905,74.0,82,1,14,0.85
HK.01906,77.0,78,0,0,0.55
HK.01907,19.0,15,1,39,1.0
HK.01908,69.0,76,1,1,0.5
HK.01909,45.0,40,1,6,0.65
HK.01910,52.0,76,1,11,0.9
HK.01911,20.0,50,1,28,1.0
HK.01912,96.0,98,1,8,0.55
HK.01913,79.0,91,0,0,0.4
HK.01915,65.0,62,1,18,0.9
HK.01916,57.0,82,0,0,0.9
HK.01917,57.0,20,1,11,0.95
HK.01918,4.0,6,1,57,1.0
HK.01919,82.0,87,1,1,0.05
HK.01920,47.0,11,1,26,1.0
HK.01921,13.0,50,1,7,0.6
HK.01925,77.0,69,1,2,0.45
HK.01927,94.0,92,0,0,0.65
HK.01928,41.0,53,1,1,0.7
HK.01929,67.0,86,1,5,0.7
HK.01930,70.0,46,1,4,0.5
HK.01931,2.0,18,1,26,1.0
HK.01932,24.0,3,1,27,1.0
HK.01933,93.0,97,0,0,0.65
HK.01935,31.0,17,1,24,1.0
HK.01936,85.0,78,1,11,0.6
HK.01937,22.0,65,1,1,0.5
HK.01938,16.0,15,1,19,0.95
HK.01939,2.0,5,1,48,1.0
HK.01940,87.0,69,1,1,0.5
HK.01941,96.0,94,0,0,0.65
HK.01942,1.0,10,1,5,0.9
HK.01943,89.0,92,0,0,0.0
HK.01945,56.0,27,1,16,0.9
HK.01947,90.0,81,1,5,0.85
HK.01948,28.0,36,1,14,0.75
HK.01949,24.0,15,1,4,0.35
HK.01950,15.0,39,1,18,0.95
HK.01951,46.0,65,1,4,0.55
HK.01952,9.0,18,1,12,0.75
HK.01953,98.0,55,1,3,0.35
HK.01955,68.0,67,1,5,0.8
HK.01957,80.0,86,1,6,0.4
HK.01958,6.0,21,1,2,0.95
HK.01959,98.0,98,0,0,0.65
HK.01960,79.0,24,1,19,0.95
HK.01961,11.0,62,1,18,0.9
HK.01962,69.0,68,1,6,0.7
HK.01963,78.0,89,0,0,0.4
HK.01965,51.0,65,1,13,0.95
HK.01966,8.0,7,1,4,0.75
HK.01967,22.0,27,1,27,1.0
HK.01968,73.0,43,1,3,0.55
HK.01969,12.0,95,0,0,0.75
HK.01970,72.0,68,1,19,0.95
HK.01971,59.0,64,1,18,0.95
HK.01972,75.0,83,0,0,0.4
HK.01973,23.0,29,1,14,0.7
HK.01975,76.0,51,1,19,0.95
HK.01977,68.0,49,1,19,0.95
HK.01978,26.0,29,1,14,0.85
HK.01979,22.0,6,1,39,1.0
HK.01980,63.0,88,0,0,0.3
HK.01981,19.0,51,0,0,0.9
HK.01982,49.0,40,1,29,1.0
HK.01983,72.0,47,1,11,0.6
HK.01985,95.0,97,1,10,0.6
HK.01986,81.0,82,0,0,0.6
HK.01987,89.0,93,0,0,0.8
HK.01988,52.0,84,1,1,0.3
HK.01989,,2,1,23,1.0
HK.01991,79.0,97,0,0,0.0
HK.01993,39.0,25,1,13,0.95
HK.01995,58.0,68,1,11,0.9
HK.01996,5.0,3,1,20,1.0
HK.01997,78.0,90,0,0,0.05
HK.01999,22.0,34,1,38,1.0
HK.02000,39.0,22,1,22,1.0
HK.02001,12.0,26,1,22,1.0
HK.02002,25.0,87,1,1,0.35
HK.02003,4.0,24,1,38,1.0
HK.02005,52.0,82,1,8,0.4
HK.02007,5.0,13,1,81,1.0
HK.02008,41.0,45,1,12,0.9
HK.02009,32.0,45,1,31,1.0
HK.02011,61.0,73,1,22,1.0
HK.02012,7.0,19,0,0,0.9
HK.02013,16.0,42,1,36,1.0
HK.02015,16.0,43,1,1,0.85
HK.02016,63.0,83,1,2,0.65
HK.02017,79.0,94,1,1,0.35
HK.02018,76.0,44,1,25,1.0
HK.02020,53.0,72,1,1,0.45
HK.02022,59.0,36,1,3,0.9
HK.02023,56.0,41,1,19,0.95
HK.02025,91.0,83,1,8,0.6
HK.02026,,36,0,0,0.8
HK.02028,99.0,99,1,5,0.4
HK.02030,48.0,51,1,19,0.95
HK.02031,86.0,89,1,3,0.4
HK.02033,30.0,27,1,28,1.0
HK.02038,46.0,10,1,30,1.0
HK.02039,44.0,28,1,3,0.9
HK.02048,1.0,3,1,85,1.0
HK.02050,32.0,22,1,19,0.95
HK.02051,9.0,4,1,61,1.0
HK.02057,79.0,79,1,10,0.5
HK.02068,19.0,33,1,62,1.0
HK.02076,62.0,93,0,0,0.05
HK.02078,63.0,82,1,6,0.6
HK.02080,72.0,86,0,0,0.8
HK.02086,73.0,86,0,0,0.9
HK.02088,65.0,62,1,18,0.9
HK.02096,72.0,88,1,3,0.15
HK.02097,11.0,25,1,24,1.0
HK.02098,8.0,10,1,2,0.9
HK.02099,89.0,91,0,0,0.4
HK.02100,20.0,17,1,39,1.0
HK.02101,84.0,96,0,0,0.0
HK.02102,77.0,56,1,4,0.75
HK.02105,3.0,3,1,53,1.0
HK.02107,94.0,98,0,0,0.0
HK.02108,91.0,58,1,4,0.55
HK.02110,14.0,10,1,21,1.0
HK.02111,41.0,50,1,15,0.8
HK.02112,5.0,4,1,26,1.0
HK.02113,97.0,98,0,0,0.0
HK.02116,85.0,58,1,19,0.95
HK.02119,44.0,43,1,20,1.0
HK.02120,45.0,72,0,0,0.7
HK.02121,25.0,26,1,21,1.0
HK.02122,71.0,38,1,11,0.7
HK.02125,15.0,21,1,21,1.0
HK.02126,8.0,16,1,12,0.85
HK.02127,65.0,62,1,18,0.9
HK.02128,47.0,70,1,6,0.85
HK.02129,93.0,92,0,0,0.9
HK.02130,55.0,50,1,19,0.95
HK.02131,65.0,62,1,18,0.9
HK.02132,87.0,93,0,0,0.25
HK.02135,24.0,9,1,20,1.0
HK.02136,78.0,52,1,18,0.95
HK.02137,10.0,13,1,16,0.85
HK.02138,18.0,34,1,19,0.95
HK.02139,82.0,46,1,15,0.75
HK.02142,71.0,80,1,4,0.3
HK.02145,5.0,25,1,1,0.95
HK.02146,93.0,97,0,0,0.0
HK.02147,42.0,89,1,1,0.5
HK.02149,20.0,23,1,23,1.0
HK.02150,21.0,67,1,5,0.55
HK.02152,50.0,58,1,18,0.9
HK.02153,47.0,55,1,19,0.95
HK.02155,35.0,8,1,16,0.85
HK.02156,61.0,55,1,20,1.0
HK.02157,21.0,37,1,4,0.3
HK.02158,25.0,16,1,13,0.7
HK.02159,86.0,83,0,0,0.7
HK.02160,1.0,5,1,5,0.95
HK.02161,23.0,27,1,29,1.0
HK.02162,81.0,73,1,5,0.25
HK.02163,65.0,62,1,18,0.9
HK.02165,45.0,65,1,5,0.75
HK.02166,92.0,25,1,13,0.65
HK.02167,42.0,79,1,2,0.85
HK.02168,24.0,66,0,0,0.9
HK.02169,16.0,23,1,22,1.0
HK.02170,13.0,38,1,19,0.95
HK.02171,15.0,9,1,11,0.8
HK.02172,30.0,24,1,21,1.0
HK.02175,32.0,8,1,8,0.9
HK.02176,23.0,81,0,0,0.8
HK.02177,51.0,49,1,14,0.8
HK.02178,95.0,80,0,0,0.35
HK.02179,39.0,81,1,10,0.6
HK.02180,75.0,71,1,14,0.8
HK.02181,33.0,44,1,12,0.85
HK.02182,53.0,52,1,5,0.65
HK.02185,4.0,3,1,13,0.75
HK.02186,19.0,41,1,8,0.55
HK.02187,48.0,14,1,23,1.0
HK.02188,9.0,14,1,22,1.0
HK.02189,75.0,78,1,5,0.55
HK.02190,31.0,29,1,12,0.8
HK.02192,26.0,72,0,0,0.45
HK.02193,91.0,92,0,0,0.3
HK.02195,11.0,11,1,32,1.0
HK.02196,41.0,55,1,8,0.65
HK.02197,89.0,87,0,0,0.8
HK.02198,51.0,20,1,6,0.7
HK.02199,86.0,95,0,0,0.7
HK.02202,17.0,51,1,7,0.85
HK.02203,24.0,13,1,22,1.0
HK.02205,17.0,3,1,20,1.0
HK.02208,36.0,17,1,21,1.0
HK.02209,48.0,95,0,0,0.2
HK.02210,24.0,40,1,31,1.0
HK.02211,26.0,97,0,0,0.5
HK.02212,61.0,51,1,15,0.75
HK.02215,4.0,17,0,0,0.95
HK.02216,2.0,11,1,13,0.75
HK.02218,84.0,85,0,0,0.75
HK.02219,68.0,76,1,4,0.75
HK.02221,19.0,17,1,22,1.0
HK.02222,51.0,49,1,14,0.8
HK.02223,74.0,2,1,31,1.0
HK.02225,95.0,89,0,0,0.5
HK.02226,58.0,13,1,22,1.0
HK.02227,94.0,76,1,14,0.8
HK.02228,25.0,18,1,12,0.65
HK.02230,36.0,41,1,2,0.9
HK.02231,0.0,1,1,53,1.0
HK.02232,74.0,86,0,0,0.65
HK.02233,23.0,67,0,0,0.4
HK.02235,56.0,35,1,19,0.95
HK.02236,53.0,31,1,16,0.9
HK.02237,7.0,11,1,37,1.0
HK.02238,24.0,43,1,1,0.85
HK.02239,94.0,96,0,0,0.5
HK.02245,46.0,70,1,6,0.75
HK.02246,5.0,13,1,87,1.0
HK.02250,2.0,12,1,48,1.0
HK.02251,29.0,24,1,22,1.0
HK.02252,33.0,12,1,16,0.85
HK.02255,15.0,70,0,0,0.75
HK.02256,30.0,29,1,12,0.6
HK.02257,6.0,10,1,24,1.0
HK.02258,93.0,96,1,2,0.3
HK.02259,,51,0,0,0.5
HK.02260,61.0,37,1,21,1.0
HK.02262,7.0,13,1,29,1.0
HK.02263,75.0,26,1,19,0.95
HK.02265,63.0,36,1,13,0.7
HK.02266,83.0,83,1,3,0.6
HK.02268,41.0,26,1,13,0.65
HK.02269,81.0,84,1,3,0.15
HK.02270,96.0,97,0,0,0.0
HK.02271,87.0,33,1,18,0.9
HK.02273,58.0,71,1,11,0.55
HK.02276,24.0,21,0,0,0.95
HK.02279,85.0,93,0,0,0.55
HK.02280,72.0,62,1,18,0.9
HK.02281,56.0,57,1,17,0.95
HK.02282,47.0,74,0,0,0.6
HK.02283,26.0,17,1,22,1.0
HK.02285,72.0,82,1,5,0.45
HK.02286,12.0,6,1,19,0.95
HK.02288,36.0,14,1,21,1.0
HK.02289,78.0,76,1,9,0.45
HK.02291,27.0,82,1,3,0.25
HK.02293,40.0,73,1,16,0.8
HK.02295,95.0,99,0,0,0.0
HK.02297,32.0,47,1,16,0.85
HK.02298,40.0,25,1,24,1.0
HK.02299,83.0,81,1,9,0.5
HK.02302,24.0,27,1,6,0.85
HK.02306,45.0,66,1,16,0.85
HK.02307,17.0,35,1,1,0.85
HK.02309,36.0,15,1,28,1.0
HK.02310,98.0,95,0,0,0.4
HK.02313,34.0,53,1,11,0.7
HK.02314,89.0,96,0,0,0.0
HK.02315,92.0,90,1,4,0.2
HK.02317,71.0,35,1,19,0.95
HK.02318,67.0,79,1,1,0.55
HK.02319,83.0,87,1,1,0.1
HK.02320,97.0,99,0,0,0.35
HK.02321,80.0,76,1,4,0.65
HK.02322,7.0,8,1,3,0.85
HK.02323,65.0,62,1,18,0.9
HK.02325,9.0,17,1,26,1.0
HK.02326,58.0,62,1,19,0.95
HK.02327,48.0,39,1,23,1.0
HK.02328,76.0,90,0,0,0.45
HK.02329,23.0,64,0,0,0.7
HK.02330,90.0,45,1,1,0.65
HK.02331,32.0,26,1,37,1.0
HK.02333,22.0,38,1,34,1.0
HK.02336,90.0,92,1,3,0.15
HK.02337,53.0,85,1,4,0.8
HK.02338,90.0,29,1,19,0.95
HK.02339,98.0,9,1,26,1.0
HK.02340,43.0,27,1,11,0.55
HK.02342,3.0,5,1,66,1.0
HK.02343,84.0,80,1,3,0.3
HK.02347,71.0,46,1,14,0.9
HK.02348,51.0,67,1,21,1.0
HK.02349,78.0,60,1,3,0.5
HK.02350,54.0,16,1,30,1.0
HK.02352,13.0,11,1,19,0.95
HK.02355,34.0,26,1,30,1.0
HK.02356,89.0,93,0,0,0.5
HK.02357,32.0,53,1,20,1.0
HK.02358,68.0,46,1,4,0.7
HK.02359,90.0,89,0,0,0.15
HK.02360,45.0,66,1,11,0.8
HK.02361,79.0,50,1,5,0.65
HK.02362,65.0,62,1,18,0.9
HK.02363,51.0,20,1,15,0.75
HK.02367,45.0,86,0,0,0.25
HK.02368,43.0,71,1,17,0.95
HK.02369,29.0,29,1,3,0.75
HK.02370,96.0,84,1,4,0.8
HK.02371,15.0,24,1,4,0.65
HK.02372,97.0,96,1,5,0.25
HK.02373,27.0,76,1,4,0.55
HK.02376,45.0,49,1,13,0.9
HK.02377,52.0,57,1,17,0.95
HK.02378,76.0,82,0,0,0.35
HK.02380,51.0,40,1,37,1.0
HK.02381,96.0,95,1,1,0.4
HK.02382,38.0,21,1,27,1.0
HK.02383,46.0,47,1,19,0.95
HK.02385,79.0,89,1,6,0.5
HK.02386,42.0,54,1,7,0.85
HK.02388,88.0,91,0,0,0.2
HK.02389,80.0,91,0,0,0.65
HK.02390,40.0,73,1,12,0.6
HK.02391,24.0,12,1,3,0.85
HK.02392,32.0,28,1,21,1.0
HK.02393,5.0,14,1,29,1.0
HK.02396,,8,1,147,1.0
HK.02399,13.0,17,1,19,0.95
HK.02400,24.0,35,0,0,0.8
HK.02402,7.0,17,1,28,1.0
HK.02405,7.0,24,1,9,0.8
HK.02407,29.0,71,1,3,0.6
HK.02408,,37,1,11,0.85
HK.02409,44.0,27,1,11,0.7
HK.02410,7.0,30,1,8,0.45
HK.02411,33.0,24,1,21,1.0
HK.02415,8.0,6,1,20,1.0
HK.02416,82.0,66,1,1,0.45
HK.02418,47.0,38,1,19,0.95
HK.02419,17.0,44,1,3,0.4
HK.02420,77.0,53,1,6,0.9
HK.02421,56.0,44,1,4,0.85
HK.02422,97.0,98,0,0,0.2
HK.02423,58.0,83,0,0,0.55
HK.02425,67.0,82,0,0,0.4
HK.02427,97.0,3,1,37,1.0
HK.02429,35.0,27,1,13,0.65
HK.02431,1.0,0,1,24,1.0
HK.02432,14.0,17,1,21,1.0
HK.02433,33.0,57,0,0,0.55
HK.02436,97.0,24,1,23,1.0
HK.02438,21.0,22,0,0,0.65
HK.02439,53.0,19,1,5,0.65
HK.02440,3.0,11,1,50,1.0
HK.02442,99.0,95,1,8,0.65
HK.02443,9.0,38,1,6,0.85
HK.02450,96.0,97,0,0,0.6
HK.02451,80.0,80,1,9,0.45
HK.02453,2.0,14,1,60,1.0
HK.02455,68.0,48,1,11,0.85
HK.02457,80.0,57,1,5,0.55
HK.02458,84.0,94,0,0,0.0
HK.02459,7.0,58,1,14,0.95
HK.02460,35.0,73,0,0,0.7
HK.02465,36.0,5,1,19,0.95
HK.02469,1.0,3,1,20,1.0
HK.02473,1.0,6,1,16,0.9
HK.02476,,1,1,26,1.0
HK.02477,0.0,0,1,50,1.0
HK.02479,65.0,62,1,18,0.9
HK.02480,11.0,29,1,4,0.8
HK.02481,67.0,73,1,13,0.65
HK.02482,28.0,58,1,6,0.45
HK.02483,74.0,66,1,18,0.9
HK.02486,12.0,71,0,0,0.55
HK.02487,4.0,13,1,67,1.0
HK.02488,30.0,32,1,25,1.0
HK.02489,11.0,39,0,0,0.55
HK.02490,54.0,92,0,0,0.45
HK.02495,12.0,12,1,32,1.0
HK.02496,12.0,28,1,45,1.0
HK.02497,71.0,40,1,7,0.85
HK.02498,18.0,15,1,21,1.0
HK.02499,69.0,67,1,19,0.95
HK.02500,5.0,5,1,17,0.85
HK.02501,87.0,95,0,0,0.25
HK.02502,88.0,93,0,0,0.2
HK.02503,7.0,94,0,0,0.15
HK.02505,3.0,20,1,16,0.8
HK.02506,34.0,31,1,22,1.0
HK.02507,60.0,93,0,0,0.1
HK.02508,22.0,66,1,1,0.65
HK.02509,34.0,59,1,5,0.5
HK.02510,81.0,86,0,0,0.35
HK.02511,44.0,70,0,0,0.95
HK.02512,36.0,41,1,21,1.0
HK.02513,,4,1,17,0.9
HK.02515,97.0,98,0,0,0.6
HK.02516,42.0,6,1,27,1.0
HK.02517,8.0,39,0,0,0.8
HK.02518,73.0,95,0,0,0.05
HK.02519,18.0,28,1,14,0.95
HK.02520,83.0,89,1,2,0.5
HK.02521,94.0,81,1,7,0.35
HK.02522,4.0,10,1,46,1.0
HK.02525,,25,0,0,0.85
HK.02526,,94,0,0,0.65
HK.02528,96.0,93,1,6,0.35
HK.02529,60.0,52,1,18,0.9
HK.02530,87.0,86,1,6,0.8
HK.02531,20.0,97,0,0,0.25
HK.02533,10.0,18,1,58,1.0
HK.02535,41.0,75,0,0,0.75
HK.02536,3.0,4,1,22,1.0
HK.02539,,96,0,0,0.4
HK.02540,11.0,13,1,7,0.85
HK.02543,,82,0,0,0.8
HK.02545,46.0,47,1,13,0.9
HK.02546,,79,1,7,0.5
HK.02549,29.0,19,1,18,0.9
HK.02550,22.0,74,1,1,0.5
HK.02551,13.0,7,1,23,1.0
HK.02552,16.0,20,1,11,0.55
HK.02555,20.0,39,1,17,0.95
HK.02556,69.0,94,0,0,0.15
HK.02558,50.0,57,0,0,0.75
HK.02559,40.0,22,1,12,0.6
HK.02560,47.0,50,1,13,0.9
HK.02561,9.0,13,1,20,1.0
HK.02562,1.0,16,1,8,0.95
HK.02563,23.0,32,1,11,0.75
HK.02565,0.0,6,1,8,0.85
HK.02566,15.0,21,1,16,0.85
HK.02567,10.0,25,1,21,1.0
HK.02569,79.0,85,1,4,0.55
HK.02570,1.0,4,1,68,1.0
HK.02571,82.0,83,1,4,0.6
HK.02573,10.0,29,1,19,0.95
HK.02575,,7,1,104,1.0
HK.02576,85.0,75,1,16,0.8
HK.02577,17.0,3,1,23,1.0
HK.02579,,21,1,5,0.9
HK.02580,,86,0,0,0.65
HK.02581,,36,1,13,0.65
HK.02582,1.0,2,1,51,1.0
HK.02583,,32,0,0,0.95
HK.02585,92.0,97,1,4,0.2
HK.02586,13.0,20,1,23,1.0
HK.02587,3.0,7,1,79,1.0
HK.02588,74.0,64,1,18,0.9
HK.02589,55.0,30,0,0,0.75
HK.02590,5.0,5,1,21,1.0
HK.02591,,9,1,13,0.95
HK.02592,5.0,28,1,7,0.5
HK.02593,33.0,44,1,23,1.0
HK.02595,,18,1,8,0.4
HK.02596,69.0,68,1,16,0.85
HK.02597,94.0,42,1,30,1.0
HK.02598,8.0,19,1,72,1.0
HK.02600,48.0,32,1,6,0.9
HK.02601,57.0,77,1,2,0.6
HK.02602,50.0,68,1,13,0.7
HK.02603,47.0,18,1,21,1.0
HK.02605,7.0,36,0,0,0.9
HK.02607,70.0,81,1,10,0.75
HK.02608,53.0,62,1,18,0.9
HK.02609,8.0,10,1,24,1.0
HK.02610,12.0,22,1,7,0.95
HK.02611,70.0,69,1,6,0.8
HK.02613,80.0,80,1,2,0.65
HK.02616,10.0,9,1,16,0.9
HK.02617,0.0,1,1,79,1.0
HK.02618,80.0,91,0,0,0.05
HK.02619,,22,1,18,0.95
HK.02621,37.0,28,1,19,0.95
HK.02623,97.0,16,1,16,0.9
HK.02625,8.0,14,1,15,0.75
HK.02627,,62,1,18,0.9
HK.02628,79.0,74,1,17,0.85
HK.02629,9.0,62,1,18,0.9
HK.02630,,97,0,0,0.5
HK.02631,,5,1,23,1.0
HK.02632,,22,1,25,1.0
HK.02633,40.0,51,1,16,0.85
HK.02635,,6,1,37,1.0
HK.02637,,19,1,13,0.65
HK.02638,74.0,73,1,19,0.95
HK.02643,4.0,4,1,31,1.0
HK.02648,70.0,52,1,2,0.55
HK.02649,,62,1,18,0.9
HK.02650,,4,1,11,0.55
HK.02651,93.0,95,1,3,0.15
HK.02652,,22,1,1,0.95
HK.02655,,20,1,19,0.95
HK.02656,,23,1,80,1.0
HK.02657,,90,1,1,0.1
HK.02658,,9,1,20,1.0
HK.02659,,16,1,78,1.0
HK.02660,68.0,77,1,1,0.55
HK.02661,,0,1,72,1.0
HK.02663,92.0,94,1,4,0.2
HK.02665,,1,1,40,1.0
HK.02666,38.0,47,1,11,0.85
HK.02668,93.0,79,1,2,0.5
HK.02669,30.0,51,1,8,0.75
HK.02670,,4,1,23,1.0
HK.02671,,86,1,5,0.5
HK.02675,,13,1,19,0.95
HK.02676,,4,1,17,0.95
HK.02677,,21,1,11,0.7
HK.02678,85.0,77,1,2,0.5
HK.02680,15.0,7,1,17,0.9
HK.02682,48.0,19,1,24,1.0
HK.02683,81.0,46,1,21,1.0
HK.02685,,0,1,8,0.45
HK.02687,,98,0,0,0.2
HK.02688,28.0,49,0,0,0.8
HK.02689,88.0,86,1,2,0.25
HK.02691,,93,0,0,0.4
HK.02692,,6,1,21,1.0
HK.02693,,12,1,19,0.95
HK.02695,,30,1,25,1.0
HK.02696,46.0,34,1,19,0.95
HK.02698,,95,0,0,0.25
HK.02699,10.0,51,1,3,0.85
HK.02700,80.0,77,1,1,0.55
HK.02701,,2,1,17,0.85
HK.02706,,12,0,0,0.9
HK.02714,,45,1,8,0.55
HK.02715,,38,1,12,0.7
HK.02718,,0,1,24,1.0
HK.02720,,92,0,0,0.4
HK.02722,54.0,14,1,49,1.0
HK.02726,,42,1,23,1.0
HK.02727,42.0,32,1,45,1.0
HK.02728,11.0,5,1,16,0.8
HK.02729,,79,0,0,0.75
HK.02738,0.0,4,1,106,1.0
HK.02768,,14,1,16,0.8
HK.02772,11.0,59,0,0,0.6
HK.02777,3.0,9,1,49,1.0
HK.02779,8.0,21,1,25,1.0
HK.02788,,34,1,7,0.85
HK.02789,90.0,73,0,0,0.65
HK.02798,39.0,54,1,2,0.5
HK.02799,18.0,43,1,28,1.0
HK.02858,12.0,22,1,9,0.6
HK.02863,95.0,96,0,0,0.1
HK.02865,10.0,3,1,48,1.0
HK.02866,39.0,56,1,8,0.95
HK.02869,66.0,75,1,2,0.85
HK.02877,53.0,56,1,6,0.55
HK.02878,12.0,12,1,44,1.0
HK.02880,46.0,59,0,0,0.95
HK.02881,94.0,83,0,0,0.85
HK.02882,31.0,76,0,0,0.75
HK.02883,48.0,49,1,6,0.7
HK.02885,86.0,79,1,11,0.85
HK.02886,66.0,54,1,6,0.9
HK.02888,89.0,88,0,0,0.4
HK.02889,,48,1,12,0.9
HK.02892,92.0,20,1,20,1.0
HK.02898,57.0,62,1,18,0.9
HK.02899,74.0,74,0,0,0.5
HK.03200,,2,1,23,1.0
HK.03268,,15,1,8,0.95
HK.03277,,5,1,21,1.0
HK.03288,63.0,76,1,2,0.55
HK.03296,,32,1,8,0.95
HK.03300,41.0,30,1,22,1.0
HK.03301,3.0,14,1,1,0.9
HK.03302,82.0,20,1,4,0.75
HK.03303,48.0,33,1,22,1.0
HK.03306,76.0,81,0,0,0.55
HK.03309,12.0,25,1,19,0.95
HK.03311,49.0,84,0,0,0.4
HK.03313,6.0,23,1,5,0.85
HK.03315,34.0,40,1,10,0.95
HK.03316,71.0,79,1,1,0.35
HK.03317,,12,1,6,0.8
HK.03318,94.0,97,1,2,0.25
HK.03319,30.0,40,1,10,0.95
HK.03320,62.0,78,1,4,0.45
HK.03321,95.0,59,1,22,1.0
HK.03322,60.0,81,1,4,0.5
HK.03323,25.0,7,1,23,1.0
HK.03328,79.0,87,0,0,0.5
HK.03329,73.0,21,1,11,0.55
HK.03330,81.0,91,0,0,0.2
HK.03332,3.0,7,1,3,0.85
HK.03336,88.0,15,1,25,1.0
HK.03337,28.0,31,1,8,0.95
HK.03339,79.0,87,0,0,0.25
HK.03347,40.0,79,1,3,0.2
HK.03348,82.0,77,1,6,0.4
HK.03355,,38,1,12,0.75
HK.03360,57.0,84,0,0,0.15
HK.03363,54.0,66,1,4,0.3
HK.03366,35.0,19,1,19,0.95
HK.03368,86.0,72,1,22,1.0
HK.03369,66.0,81,1,8,0.75
HK.03377,8.0,17,1,43,1.0
HK.03378,,56,1,14,0.7
HK.03380,81.0,73,1,15,0.95
HK.03382,54.0,54,1,6,0.95
HK.03383,8.0,34,0,0,0.95
HK.03389,93.0,75,1,13,0.65
HK.03390,29.0,38,1,20,1.0
HK.03393,82.0,22,1,20,1.0
HK.03395,28.0,82,1,1,0.15
HK.03396,91.0,87,0,0,0.95
HK.03398,80.0,20,1,11,0.7
HK.03399,49.0,59,1,4,0.85
HK.03600,91.0,94,0,0,0.05
HK.03601,38.0,43,1,26,1.0
HK.03603,80.0,12,1,10,0.7
HK.03606,57.0,83,0,0,0.4
HK.03613,46.0,77,1,10,0.7
HK.03616,55.0,47,1,14,0.75
HK.03618,70.0,78,1,2,0.7
HK.03623,20.0,89,0,0,0.7
HK.03625,,11,1,31,1.0
HK.03626,8.0,33,1,13,0.95
HK.03628,62.0,64,1,9,0.8
HK.03633,36.0,37,1,17,0.9
HK.03636,,13,1,1,0.95
HK.03638,17.0,34,1,19,0.95
HK.03639,5.0,11,1,27,1.0
HK.03650,4.0,12,1,51,1.0
HK.03658,67.0,71,1,22,1.0
HK.03660,30.0,28,1,19,0.95
HK.03662,44.0,71,1,12,0.6
HK.03666,39.0,62,1,18,0.9
HK.03668,46.0,25,1,6,0.85
HK.03669,11.0,75,1,6,0.4
HK.03677,12.0,18,1,61,1.0
HK.03678,16.0,35,1,21,1.0
HK.03680,90.0,82,0,0,0.75
HK.03681,37.0,77,0,0,0.45
HK.03683,11.0,20,1,21,1.0
HK.03686,42.0,31,1,23,1.0
HK.03688,30.0,76,1,7,0.7
HK.03689,83.0,93,0,0,0.1
HK.03690,59.0,92,0,0,0.0
HK.03692,43.0,41,1,8,0.55
HK.03696,,67,1,1,0.3
HK.03698,89.0,88,1,1,0.15
HK.03699,66.0,67,1,6,0.6
HK.03700,76.0,22,1,22,1.0
HK.03708,49.0,49,1,22,1.0
HK.03709,33.0,53,1,8,0.75
HK.03718,71.0,57,1,6,0.9
HK.03728,77.0,71,1,3,0.85
HK.03737,45.0,40,1,1,0.95
HK.03738,15.0,37,1,1,0.9
HK.03750,84.0,32,1,22,1.0
HK.03759,76.0,93,1,3,0.15
HK.03768,26.0,36,1,1,0.7
HK.03773,88.0,64,1,7,0.55
HK.03774,98.0,96,1,9,0.45
HK.03778,57.0,80,1,16,0.8
HK.03788,21.0,41,0,0,0.55
HK.03789,96.0,89,1,2,0.3
HK.03798,59.0,49,1,3,0.8
HK.03800,13.0,30,0,0,0.95
HK.03808,89.0,75,1,5,0.8
HK.03813,23.0,21,1,26,1.0
HK.03816,97.0,66,1,3,0.6
HK.03818,14.0,16,1,49,1.0
HK.03822,69.0,14,1,23,1.0
HK.03828,49.0,53,1,19,0.95
HK.03830,96.0,68,1,11,0.85
HK.03833,40.0,53,0,0,0.4
HK.03836,13.0,26,1,9,0.55
HK.03838,48.0,54,1,8,0.45
HK.03839,86.0,77,1,10,0.6
HK.03848,62.0,56,1,19,0.95
HK.03858,,10,1,5,0.95
HK.03860,74.0,68,1,7,0.65
HK.03866,79.0,85,1,1,0.25
HK.03868,25.0,21,1,41,1.0
HK.03869,25.0,56,1,18,0.9
HK.03877,71.0,56,1,25,1.0
HK.03878,82.0,55,1,8,0.9
HK.03880,40.0,77,1,5,0.6
HK.03881,,31,1,18,0.95
HK.03882,17.0,50,1,1,0.9
HK.03883,7.0,14,1,20,1.0
HK.03886,33.0,37,1,6,0.8
HK.03887,,9,1,61,1.0
HK.03888,69.0,93,0,0,0.15
HK.03889,8.0,8,1,23,1.0
HK.03893,96.0,53,1,6,0.85
HK.03896,38.0,72,0,0,0.7
HK.03898,58.0,40,1,23,1.0
HK.03899,49.0,33,1,62,1.0
HK.03900,22.0,25,1,52,1.0
HK.03903,65.0,62,1,18,0.9
HK.03908,71.0,70,1,6,0.55
HK.03913,22.0,43,0,0,0.95
HK.03918,33.0,28,1,15,0.85
HK.03919,7.0,6,1,4,0.7
HK.03928,98.0,93,1,1,0.05
HK.03931,11.0,3,1,42,1.0
HK.03933,35.0,66,1,8,0.45
HK.03938,97.0,16,1,19,0.95
HK.03939,76.0,71,0,0,0.35
HK.03958,45.0,64,1,20,1.0
HK.03963,19.0,13,1,23,1.0
HK.03968,77.0,88,0,0,0.3
HK.03969,56.0,70,1,23,1.0
HK.03978,37.0,56,1,2,0.65
HK.03983,47.0,43,1,6,0.85
HK.03986,,2,1,17,0.95
HK.03988,84.0,87,0,0,0.35
HK.03989,55.0,46,1,8,0.8
HK.03990,29.0,70,1,16,0.85
HK.03991,13.0,12,1,37,1.0
HK.03993,80.0,48,1,6,0.85
HK.03996,49.0,48,1,25,1.0
HK.03997,95.0,3,1,17,0.9
HK.03998,78.0,87,1,1,0.05
HK.03999,46.0,37,1,19,0.95
HK.06030,59.0,59,1,7,0.75
HK.06031,,80,0,0,0.4
HK.06033,41.0,29,1,15,0.9
HK.06036,95.0,70,1,16,0.85
HK.06038,83.0,45,1,26,1.0
HK.06049,46.0,68,1,10,0.9
HK.06051,6.0,10,1,16,0.9
HK.06055,19.0,67,0,0,0.55
HK.06058,53.0,23,1,10,0.55
HK.06060,28.0,84,0,0,0.5
HK.06063,98.0,98,0,0,0.0
HK.06066,58.0,49,1,7,0.75
HK.06068,22.0,44,1,3,0.65
HK.06069,21.0,31,1,28,1.0
HK.06078,27.0,58,1,8,0.4
HK.06080,86.0,42,1,34,1.0
HK.06082,,2,1,23,1.0
HK.06083,93.0,35,1,11,0.65
HK.06086,2.0,11,1,9,0.75
HK.06088,67.0,4,1,29,1.0
HK.06090,,94,0,0,0.2
HK.06093,70.0,83,1,1,0.5
HK.06098,58.0,78,1,6,0.55
HK.06099,68.0,37,1,17,0.9
HK.06100,20.0,45,1,4,0.65
HK.06108,29.0,68,1,8,0.85
HK.06110,3.0,1,1,32,1.0
HK.06113,6.0,14,1,4,0.9
HK.06117,38.0,39,1,3,0.75
HK.06118,21.0,43,1,25,1.0
HK.06119,58.0,62,1,18,0.9
HK.06123,59.0,44,1,31,1.0
HK.06127,75.0,92,1,3,0.25
HK.06128,8.0,41,1,8,0.8
HK.06133,75.0,62,1,18,0.9
HK.06136,92.0,74,0,0,0.95
HK.06138,31.0,47,1,14,0.85
HK.06158,4.0,8,1,20,1.0
HK.06160,72.0,84,1,3,0.15
HK.06162,95.0,98,0,0,0.1
HK.06163,95.0,90,1,1,0.6
HK.06166,,2,1,23,1.0
HK.06168,12.0,29,1,6,0.95
HK.06169,25.0,48,1,22,1.0
HK.06178,41.0,66,1,20,1.0
HK.06181,5.0,6,1,43,1.0
HK.06182,83.0,32,1,15,0.85
HK.06185,16.0,31,1,8,0.8
HK.06186,47.0,84,1,2,0.4
HK.06188,94.0,95,0,0,0.9
HK.06189,65.0,62,1,18,0.9
HK.06190,85.0,92,0,0,0.1
HK.06193,92.0,93,0,0,0.45
HK.06196,36.0,70,0,0,0.9
HK.06198,69.0,79,1,2,0.65
HK.06199,53.0,42,1,20,1.0
HK.06600,,8,1,16,0.9
HK.06601,51.0,72,1,4,0.55
HK.06603,2.0,5,1,92,1.0
HK.06608,10.0,37,1,8,0.85
HK.06609,43.0,57,1,1,0.6
HK.06610,2.0,13,1,54,1.0
HK.06611,65.0,62,1,18,0.9
HK.06613,67.0,23,1,21,1.0
HK.06616,81.0,47,1,8,0.7
HK.06618,28.0,73,0,0,0.3
HK.06622,34.0,37,1,12,0.8
HK.06623,65.0,62,1,18,0.9
HK.06626,43.0,86,0,0,0.5
HK.06628,3.0,5,1,71,1.0
HK.06633,80.0,92,0,0,0.5
HK.06636,,55,0,0,0.85
HK.06639,55.0,62,1,18,0.9
HK.06651,,11,1,25,1.0
HK.06655,43.0,66,1,1,0.2
HK.06656,,7,1,21,1.0
HK.06657,48.0,85,1,3,0.45
HK.06660,6.0,17,1,35,1.0
HK.06661,70.0,59,1,18,0.9
HK.06663,70.0,20,1,21,1.0
HK.06666,42.0,84,0,0,0.75
HK.06667,68.0,68,1,11,0.9
HK.06668,68.0,72,1,15,0.9
HK.06669,19.0,33,1,18,0.95
HK.06676,8.0,95,0,0,0.3
HK.06677,31.0,51,1,16,0.8
HK.06680,37.0,25,1,19,0.95
HK.06681,1.0,3,1,51,1.0
HK.06682,14.0,45,0,0,0.65
HK.06683,10.0,20,1,43,1.0
HK.06686,39.0,37,1,14,0.7
HK.06687,,39,0,0,0.9
HK.06690,52.0,81,1,1,0.4
HK.06693,73.0,80,0,0,0.35
HK.06696,97.0,62,1,18,0.9
HK.06698,28.0,56,0,0,0.75
HK.06699,90.0,94,0,0,0.1
HK.06805,78.0,27,1,22,1.0
HK.06806,42.0,56,1,7,0.95
HK.06808,27.0,68,1,4,0.45
HK.06809,,6,1,23,1.0
HK.06810,,31,1,26,1.0
HK.06811,85.0,90,0,0,0.25
HK.06812,81.0,24,1,18,0.9
HK.06816,90.0,96,0,0,0.55
HK.06818,64.0,82,1,2,0.75
HK.06820,25.0,45,1,16,0.8
HK.06821,81.0,76,1,8,0.4
HK.06822,68.0,80,1,18,0.9
HK.06823,82.0,88,0,0,0.4
HK.06826,18.0,43,1,57,1.0
HK.06828,44.0,91,0,0,0.75
HK.06829,31.0,8,1,23,1.0
HK.06830,43.0,38,1,4,0.85
HK.06831,51.0,55,1,1,0.65
HK.06833,46.0,48,1,3,0.75
HK.06838,69.0,76,0,0,0.85
HK.06839,16.0,43,1,8,0.45
HK.06855,11.0,21,1,8,0.65
HK.06858,47.0,48,1,19,0.95
HK.06860,15.0,18,1,24,1.0
HK.06862,39.0,46,1,11,0.9
HK.06865,30.0,79,0,0,0.9
HK.06866,50.0,34,1,20,1.0
HK.06868,50.0,45,1,19,0.95
HK.06869,95.0,1,1,23,1.0
HK.06877,6.0,10,1,23,1.0
HK.06878,65.0,62,1,18,0.9
HK.06881,36.0,65,1,7,0.8
HK.06882,62.0,76,1,14,0.8
HK.06883,62.0,62,1,18,0.9
HK.06885,6.0,5,1,39,1.0
HK.06886,59.0,74,1,6,0.7
HK.06887,,67,0,0,0.55
HK.06888,44.0,53,1,3,0.4
HK.06889,48.0,48,1,18,0.9
HK.06890,95.0,97,0,0,0.35
HK.06893,82.0,64,1,21,1.0
HK.06896,57.0,68,1,11,0.85
HK.06898,86.0,89,1,2,0.4
HK.06899,61.0,62,1,18,0.9
HK.06908,23.0,30,1,23,1.0
HK.06909,11.0,31,1,16,0.8
HK.06911,43.0,26,1,18,0.9
HK.06913,9.0,26,1,17,0.9
HK.06918,46.0,38,1,15,0.95
HK.06919,36.0,30,1,21,1.0
HK.06922,13.0,20,1,61,1.0
HK.06928,21.0,31,1,38,1.0
HK.06929,54.0,40,1,23,1.0
HK.06933,93.0,7,1,20,1.0
HK.06936,50.0,80,1,1,0.2
HK.06938,,21,1,5,0.7
HK.06939,86.0,1,1,15,0.85
HK.06955,6.0,17,1,12,0.8
HK.06958,24.0,25,1,14,0.85
HK.06959,19.0,81,1,3,0.6
HK.06960,,4,1,39,1.0
HK.06963,72.0,86,1,5,0.55
HK.06966,76.0,76,1,9,0.55
HK.06968,90.0,21,1,23,1.0
HK.06969,29.0,79,0,0,0.35
HK.06978,0.0,1,1,66,1.0
HK.06979,58.0,70,1,2,0.55
HK.06980,,53,1,5,0.6
HK.06988,3.0,3,1,21,1.0
HK.06989,9.0,22,1,49,1.0
HK.06990,77.0,75,1,4,0.2
HK.06993,68.0,80,1,2,0.45
HK.06996,40.0,30,1,5,0.55
HK.06998,,20,1,10,0.7
HK.06999,72.0,62,1,18,0.9
HK.07489,,6,1,48,1.0
HK.07618,,69,1,1,0.25
HK.09600,15.0,40,1,3,0.75
HK.09606,10.0,15,1,4,0.2
HK.09608,19.0,36,1,7,0.95
HK.09609,,91,0,0,0.65
HK.09611,,30,1,23,1.0
HK.09616,36.0,54,1,6,0.9
HK.09618,75.0,91,0,0,0.05
HK.09626,27.0,72,0,0,0.55
HK.09633,52.0,69,1,2,0.85
HK.09636,14.0,42,1,4,0.45
HK.09638,80.0,73,1,3,0.75
HK.09639,35.0,34,1,12,0.95
HK.09658,40.0,80,1,2,0.4
HK.09660,16.0,48,0,0,0.7
HK.09663,7.0,17,1,19,0.95
HK.09668,44.0,80,0,0,0.45
HK.09669,12.0,24,1,19,0.95
HK.09676,9.0,23,1,4,0.75
HK.09677,73.0,72,1,16,0.85
HK.09678,0.0,2,1,46,1.0
HK.09680,21.0,35,1,5,0.95
HK.09686,55.0,30,1,22,1.0
HK.09688,28.0,48,1,7,0.35
HK.09689,83.0,28,1,14,0.7
HK.09690,30.0,36,1,11,0.65
HK.09696,17.0,7,1,56,1.0
HK.09698,39.0,51,1,12,0.7
HK.09699,16.0,56,0,0,0.6
HK.09857,31.0,92,0,0,0.2
HK.09858,82.0,96,0,0,0.1
HK.09860,13.0,13,1,17,0.85
HK.09863,32.0,64,0,0,0.6
HK.09866,41.0,27,1,14,0.95
HK.09868,20.0,18,1,12,0.95
HK.09869,93.0,92,1,5,0.45
HK.09876,23.0,20,1,23,1.0
HK.09877,27.0,26,1,9,0.7
HK.09878,26.0,76,1,5,0.6
HK.09879,87.0,81,1,3,0.75
HK.09880,26.0,11,1,21,1.0
HK.09881,86.0,62,1,18,0.9
HK.09882,84.0,31,1,4,0.75
HK.09885,5.0,7,1,18,0.9
HK.09886,41.0,17,1,17,0.9
HK.09887,,48,1,6,0.5
HK.09888,53.0,36,1,16,0.8
HK.09889,66.0,54,1,20,1.0
HK.09890,17.0,20,1,41,1.0
HK.09893,92.0,38,1,23,1.0
HK.09896,27.0,68,1,1,0.6
HK.09898,42.0,79,1,2,0.55
HK.09899,27.0,82,1,1,0.35
HK.09900,93.0,23,1,6,0.8
HK.09901,78.0,93,0,0,0.3
HK.09903,,13,1,5,0.9
HK.09906,62.0,62,1,18,0.9
HK.09908,76.0,70,1,17,0.9
HK.09909,44.0,53,1,6,0.95
HK.09911,32.0,52,1,8,0.4
HK.09913,60.0,57,1,6,0.9
HK.09916,69.0,55,1,16,0.8
HK.09918,48.0,54,1,13,0.65
HK.09919,42.0,42,1,13,0.9
HK.09922,10.0,22,1,69,1.0
HK.09923,12.0,30,1,8,0.95
HK.09926,21.0,18,1,6,0.6
HK.09927,,12,1,2,0.95
HK.09928,61.0,54,1,5,0.75
HK.09929,99.0,88,0,0,0.55
HK.09930,19.0,26,1,18,0.9
HK.09933,62.0,80,1,6,0.5
HK.09936,90.0,2,1,21,1.0
HK.09938,95.0,95,1,1,0.3
HK.09939,13.0,5,1,40,1.0
HK.09955,6.0,15,1,22,1.0
HK.09958,22.0,49,1,11,0.6
HK.09959,39.0,78,0,0,0.65
HK.09960,36.0,43,1,8,0.85
HK.09961,29.0,69,0,0,0.75
HK.09963,99.0,37,1,21,1.0
HK.09966,22.0,29,1,4,0.65
HK.09968,91.0,96,0,0,0.2
HK.09969,55.0,78,1,4,0.2
HK.09973,,76,0,0,0.75
HK.09978,99.0,99,0,0,0.3
HK.09979,25.0,59,1,5,0.7
HK.09980,,37,1,1,0.8
HK.09981,,18,1,43,1.0
HK.09982,52.0,35,1,19,0.95
HK.09983,13.0,23,1,21,1.0
HK.09985,28.0,72,0,0,0.6
HK.09986,68.0,62,1,18,0.9
HK.09987,69.0,87,0,0,0.5
HK.09988,49.0,90,0,0,0.3
HK.09989,38.0,65,1,6,0.45
HK.09990,68.0,50,1,12,0.7
HK.09991,64.0,86,0,0,0.6
HK.09992,36.0,58,1,5,0.85
HK.09993,14.0,19,1,45,1.0
HK.09995,47.0,32,1,4,0.3
HK.09996,11.0,19,1,12,0.95
HK.09998,79.0,42,1,23,1.0
HK.09999,71.0,80,1,10,0.7
